time_sec,x,y,yaw,mode,waypoint_index
1774682136.2316737,0.008424394972330355,0.15007519969340655,-1.627394482870859,GO_TO_GOAL,0
1774682136.557884,0.008424394972330355,0.15007519969340655,-1.627394482870859,GO_TO_GOAL,0
1774682136.918997,0.008424394972330355,0.15007519969340655,-1.627394482870859,GO_TO_GOAL,0
1774682137.286472,0.008424394972330355,0.15007519969340655,-1.627394482870859,GO_TO_GOAL,0
1774682137.6028526,0.008424394972333446,0.15007519969347227,-1.608494482882581,GO_TO_GOAL,0
1774682137.9167407,0.008424394972330404,0.15007519969331684,-1.5886944828786977,GO_TO_GOAL,0
1774682138.2175856,0.008424394972330716,0.15007519969333816,-1.582394482883157,GO_TO_GOAL,0
1774682138.533089,0.008424394972330692,0.1500751996933204,-1.5760944828810917,GO_TO_GOAL,0
1774682138.9310021,0.008424394972333677,0.15007519969324667,-1.5436944828873098,GO_TO_GOAL,0
1774682139.2318916,0.008424394972334258,0.15007519969323335,-1.5337944828890577,GO_TO_GOAL,0
1774682139.5395436,0.008424394972334302,0.15007519969323246,-1.5310944828895916,GO_TO_GOAL,0
1774682139.8152618,0.008424394972344288,0.15007519969311836,-1.4905944828977415,GO_TO_GOAL,0
1774682140.115835,0.008424394972356317,0.15007519969302166,-1.4545944829048776,GO_TO_GOAL,0
1774682140.4156077,0.008424394972359982,0.1500751996929971,-1.4356944829082718,GO_TO_GOAL,0
1774682140.7595801,0.0084243949723689,0.15007519969294913,-1.4014944829154161,GO_TO_GOAL,0
1774682141.0496535,0.008424394972375883,0.15007519969291697,-1.3726944829211998,GO_TO_GOAL,0
1774682141.330331,0.008424394972382992,0.15007519969288868,-1.3438944829270398,GO_TO_GOAL,0
1774682141.6273978,0.008424394972400953,0.15007519969282612,-1.3015944829363808,GO_TO_GOAL,0
1774682141.930218,0.008424394972405044,0.1500751996928143,-1.247594482956148,GO_TO_GOAL,0
1774682142.2170503,0.008424394972432627,0.1500751996927375,-1.22509448295317,GO_TO_GOAL,0
1774682142.5206647,0.008424394972442151,0.15007519969271252,-1.2052944829569765,GO_TO_GOAL,0
1774682142.7935555,0.008424394972456657,0.15007519969267719,-1.1629944829722365,GO_TO_GOAL,0
1774682143.0683973,0.008424394972477434,0.15007519969263117,-1.144094482971259,GO_TO_GOAL,0
1774682143.3527355,0.00842439497248256,0.15007519969262095,-1.1035944829792652,GO_TO_GOAL,0
1774682143.6276324,0.008424394972488983,0.1500751996926093,-1.0432944830020119,GO_TO_GOAL,0
1774682143.9119387,0.00842439497249219,0.1500751996926039,-1.0225944830009817,GO_TO_GOAL,0
1774682144.257963,0.0084243949724941,0.150075199692601,-0.9802944830085251,GO_TO_GOAL,0
1774682144.5374365,0.008424394972494106,0.15007519969260097,-0.9595944830174603,GO_TO_GOAL,0
1774682144.8168082,0.008424394972490028,0.15007519969260677,-0.9595944830130303,GO_TO_GOAL,0
1774682145.095473,0.0084243949724847,0.15007519969261393,-0.9307944830197656,GO_TO_GOAL,0
1774682145.3675497,0.008424394972499527,0.150075199692594,-0.8947944830283282,GO_TO_GOAL,0
1774682145.6445131,0.008424394972516474,0.15007519969257235,-0.8434944830412889,GO_TO_GOAL,0
1774682145.9310994,0.008424394972527057,0.1500751996925603,-0.8209944830462744,GO_TO_GOAL,0
1774682146.2198017,0.008424394972563474,0.15007519969252373,-0.75619448307106,GO_TO_GOAL,0
1774682146.505126,0.008424394972516644,0.15007519969256727,-0.7444944830657353,GO_TO_GOAL,0
1774682146.7762852,0.008424394972516644,0.15007519969256727,-0.7444944830657353,GO_TO_GOAL,0
1774682147.0545578,0.008424394972506327,0.15007519969257568,-0.7210944830713903,GO_TO_GOAL,0
1774682147.3435931,0.00842439497249478,0.1500751996925841,-0.6868944830813609,GO_TO_GOAL,0
1774682147.6556556,0.00842439497248018,0.15007519969259436,-0.6553944830885752,GO_TO_GOAL,0
1774682148.054525,0.008424394972442394,0.15007519969261943,-0.6148944830999015,GO_TO_GOAL,0
1774682148.4002006,0.008424394972446745,0.15007519969261635,-0.6112944831006879,GO_TO_GOAL,0
1774682148.700534,0.008424394972447888,0.1500751996926149,-0.5923944831050877,GO_TO_GOAL,0
1774682148.9661722,0.008424394972439953,0.1500751996926189,-0.5689944831110149,GO_TO_GOAL,0
1774682149.2358997,0.008424394972465336,0.15007519969260244,-0.5455944831183507,GO_TO_GOAL,0
1774682149.5025668,0.009378526492587783,0.14950415923374014,-0.5330544319074649,GO_TO_GOAL,0
1774682149.7779942,0.010270395819215307,0.1489849227865778,-0.5214140417090776,GO_TO_GOAL,0
1774682150.0618312,0.010610784626980932,0.14879039895655535,-0.5169733595098128,GO_TO_GOAL,0
1774682150.335784,0.01206571546073163,0.14798112211048778,-0.49834288233602975,GO_TO_GOAL,0
1774682150.6180184,0.012911387222318332,0.14752677583840937,-0.48767719933182946,GO_TO_GOAL,0
1774682150.9060462,0.015903254518599762,0.14600736251931418,-0.4521480514546697,GO_TO_GOAL,0
1774682151.2114956,0.01626110099680408,0.14583446178828385,-0.44804442761353386,GO_TO_GOAL,0
1774682151.521042,0.017852404062953284,0.14508684465012403,-0.4304008555325774,GO_TO_GOAL,0
1774682151.8164752,0.019531528984545507,0.14433448510167043,-0.4120887929979281,GO_TO_GOAL,0
1774682152.0916038,0.022693069309592456,0.14300818062716592,-0.38234068852776615,GO_TO_GOAL,0
1774682152.3757381,0.026869449583389216,0.1414147413942964,-0.34663832873275036,GO_TO_GOAL,0
1774682152.6410048,0.02717337443394332,0.14130529494170654,-0.34466004916788906,GO_TO_GOAL,0
1774682152.9175982,0.03217583051091687,0.13959823031005592,-0.31303483239312746,GO_TO_GOAL,0
1774682153.2025478,0.036916840263452586,0.1381321493665503,-0.2867530049656684,GO_TO_GOAL,0
1774682153.4695623,0.04460725538562011,0.13601783350827665,-0.2510370661197006,GO_TO_GOAL,0
1774682153.737536,0.04460725538555128,0.13601783350829433,-0.2510370661195088,GO_TO_GOAL,0
1774682154.01579,0.052484858331216085,0.13409890432419427,-0.22676220590836366,GO_TO_GOAL,0
1774682154.3087797,0.05716917810718174,0.13304620955607668,-0.21520668399858653,GO_TO_GOAL,0
1774682154.5966227,0.060492715584360764,0.1323341219987193,-0.20692299668405364,GO_TO_GOAL,0
1774682154.8798754,0.06812784547868654,0.13078100364174497,-0.19452471810347,GO_TO_GOAL,0
1774682155.1749597,0.06891167496828147,0.13062692179720986,-0.19350080650794205,GO_TO_GOAL,0
1774682155.4671018,0.08646282392791094,0.12742544777520445,-0.16854829756048112,GO_TO_GOAL,0
1774682155.7529278,0.08860488601592618,0.12706400179044453,-0.16604637370679554,GO_TO_GOAL,0
1774682156.0376499,0.08860488601592618,0.12706400179044453,-0.16604637370679554,GO_TO_GOAL,0
1774682156.32098,0.09481797430043268,0.12604010673757893,-0.16021743895195734,GO_TO_GOAL,0
1774682156.6275995,0.09970342154171025,0.12526098088355786,-0.15568181512727947,GO_TO_GOAL,0
1774682156.9182,0.10508494638904371,0.12442559594537418,-0.15187487709540068,GO_TO_GOAL,0
1774682157.2228403,0.11523325587886689,0.12291066630055661,-0.1444136228431057,GO_TO_GOAL,0
1774682157.510187,0.1270728754834775,0.12123659655704394,-0.13617978712514983,GO_TO_GOAL,0
1774682157.8145185,0.14091349409378456,0.11940871459153195,-0.1267382957210921,GO_TO_GOAL,0
1774682158.1041324,0.14465761565757845,0.11893487031288363,-0.12470056136642298,GO_TO_GOAL,0
1774682158.4116526,0.15257066418998613,0.11796327211730123,-0.11986846997876602,GO_TO_GOAL,0
1774682158.6970234,0.17046948244301174,0.11590015087093267,-0.10944212200113283,GO_TO_GOAL,0
1774682158.9950848,0.19072586186977294,0.11378728576152404,-0.09784758196764769,GO_TO_GOAL,0
1774682159.2778106,0.20270660524226142,0.11263705627118037,-0.09319316407345161,GO_TO_GOAL,0
1774682159.586955,0.20530621975559898,0.11239501791908062,-0.09283000759026958,GO_TO_GOAL,0
1774682159.8850956,0.2149993367964474,0.11150641370326861,-0.08961538880663382,GO_TO_GOAL,0
1774682160.2533698,0.22152886775472433,0.11092793983393238,-0.08698730126921334,GO_TO_GOAL,0
1774682160.533448,0.22435292335365767,0.11068308785947714,-0.08643007577151048,GO_TO_GOAL,0
1774682160.8321326,0.2266285461907689,0.110486863621146,-0.08603777080307091,GO_TO_GOAL,0
1774682161.1327295,0.2308525123799314,0.11012247140008667,-0.08546786138038567,GO_TO_GOAL,0
1774682161.4338808,0.23545828567462582,0.10973067748050448,-0.08396271883203936,GO_TO_GOAL,0
1774682161.7285466,0.24399724882886623,0.10901397016046445,-0.08308126443379797,GO_TO_GOAL,0
1774682162.029043,0.24633395169179656,0.108819805047196,-0.08305055702038239,GO_TO_GOAL,0
1774682162.3576937,0.2709365314506955,0.10679897516837727,-0.08052606449867787,GO_TO_GOAL,0
1774682162.672058,0.2735065259040854,0.10659013922934628,-0.08092336466355174,GO_TO_GOAL,0
1774682162.9920988,0.2956482785862034,0.104820819613156,-0.07854590446197256,GO_TO_GOAL,0
1774682163.269196,0.2988022409023011,0.1045709514097691,-0.07887452345841743,GO_TO_GOAL,0
1774682163.5498166,0.31873494518408646,0.10301362463548269,-0.07730375475239142,GO_TO_GOAL,0
1774682163.8353117,0.3274077121920067,0.10234248123103462,-0.07704084309750009,GO_TO_GOAL,0
1774682164.1303067,0.3343232477231638,0.10180853113939328,-0.07645281136396469,GO_TO_GOAL,0
1774682164.4171495,0.33780334676937207,0.10154338973459238,-0.07564888128088625,GO_TO_GOAL,0
1774682164.701079,0.3441600103549538,0.1010610411936866,-0.0752009807531953,GO_TO_GOAL,0
1774682164.980826,0.35435035052300534,0.10030088327034578,-0.07381323243029542,GO_TO_GOAL,0
1774682165.2601914,0.36477558008938116,0.09953078899377295,-0.07322611881760695,GO_TO_GOAL,0
1774682165.5440707,0.38112446749780565,0.09833419662964317,-0.07274852098023615,GO_TO_GOAL,0
1774682165.8276374,0.39099039164324095,0.09761533892521478,-0.07229413179785965,GO_TO_GOAL,0
1774682166.122345,0.3982778540228186,0.09708969328426355,-0.0717260091792818,GO_TO_GOAL,0
1774682166.4057753,0.40410034820191976,0.0966701976285786,-0.071506602548205,GO_TO_GOAL,0
1774682166.6868773,0.4114249537561759,0.09614943487814023,-0.07057789028835208,GO_TO_GOAL,0
1774682166.9574983,0.4228645130913405,0.09534832758652943,-0.06946739199342618,GO_TO_GOAL,0
1774682167.228519,0.4360357224438656,0.09443237678074397,-0.06877130113213652,GO_TO_GOAL,0
1774682167.4937153,0.4421441939593169,0.09401026361521594,-0.06879231795516155,GO_TO_GOAL,0
1774682167.765775,0.4521462608202706,0.09332417039360366,-0.06853870962023528,GO_TO_GOAL,0
1774682168.0321128,0.45214626082023773,0.09332417039360642,-0.06853870962143789,GO_TO_GOAL,0
1774682168.3022296,0.4636743111512681,0.09253529004870431,-0.06701419172549146,GO_TO_GOAL,0
1774682168.5784414,0.465679636498453,0.09239998670980895,-0.0673434691112083,GO_TO_GOAL,0
1774682168.8386972,0.4822379179509624,0.09128782012093334,-0.06761738374033627,GO_TO_GOAL,0
1774682169.107417,0.4892616736467151,0.09081044078443885,-0.0676910562946476,GO_TO_GOAL,0
1774682169.3701217,0.5028480906302525,0.08989983007027004,-0.06636284120394592,GO_TO_GOAL,0
1774682169.6442602,0.5040095847755942,0.08982204410782083,-0.06677276975557384,GO_TO_GOAL,0
1774682169.9169934,0.5078594561735051,0.08956593651741541,-0.06668579613185929,GO_TO_GOAL,0
1774682170.203486,0.5184642707208454,0.08885580519382835,-0.06644247472667124,GO_TO_GOAL,0
1774682170.4897192,0.5186999053616776,0.08884007695883515,-0.06685659304729134,GO_TO_GOAL,0
1774682170.75373,0.5221461058745741,0.08861214168916988,-0.06595443691274432,GO_TO_GOAL,0
1774682171.024807,0.5345429881790593,0.08779433868082714,-0.0656916153952119,GO_TO_GOAL,0
1774682171.3075118,0.5392603393322174,0.08748536307656743,-0.06503957888957018,GO_TO_GOAL,0
1774682171.575804,0.5528917825354029,0.08660071100545993,-0.06495360597332274,GO_TO_GOAL,0
1774682171.8397949,0.5563825252425866,0.08637248478115549,-0.06522792634645441,GO_TO_GOAL,0
1774682172.1061869,0.5655562750581853,0.08577273075168516,-0.06495010811292318,GO_TO_GOAL,0
1774682172.3774278,0.5684602195731875,0.08558282890729822,-0.06526692248811243,GO_TO_GOAL,0
1774682172.644231,0.581820394593835,0.08471268911587729,-0.06545787760581641,GO_TO_GOAL,0
1774682172.9116528,0.5850240564764568,0.08450154807866445,-0.0657760712932736,GO_TO_GOAL,0
1774682173.1902847,0.5998434036505526,0.08352584917280229,-0.06534825640481629,GO_TO_GOAL,0
1774682173.458938,0.6004007199566538,0.08348950301341054,-0.0651055320193597,GO_TO_GOAL,0
1774682173.735105,0.6051515314379946,0.08318142788116585,-0.06503071017095736,GO_TO_GOAL,0
1774682174.0322733,0.6121597431183904,0.08272549530989873,-0.064983339153097,GO_TO_GOAL,0
1774682174.3150337,0.633093338130194,0.08136939218726205,-0.06441025016476105,GO_TO_GOAL,0
1774682174.6063197,0.6360777397544276,0.08117823533371735,-0.0641383858779752,GO_TO_GOAL,0
1774682174.8856514,0.644335708204169,0.08064613995370123,-0.06438397664519484,GO_TO_GOAL,0
1774682175.1513767,0.6577116726036337,0.07978110829432136,-0.06465957896497845,GO_TO_GOAL,0
1774682175.4121914,0.6697372186425116,0.07899857866128802,-0.06469107411260971,GO_TO_GOAL,0
1774682175.6814227,0.6860492572399892,0.07795031110335222,-0.06374528488841107,GO_TO_GOAL,0
1774682175.949726,0.6866080471574378,0.07791476433612653,-0.06351211881411038,GO_TO_GOAL,0
1774682176.2228818,0.6866080471573552,0.07791476433613169,-0.0635121188153947,GO_TO_GOAL,0
1774682176.4916518,0.7050050866092931,0.07674977471422269,-0.06306512040182581,GO_TO_GOAL,0
1774682176.7578475,0.7073846338974891,0.07659942929205915,-0.06307697777209725,GO_TO_GOAL,0
1774682177.0348432,0.7299649161929568,0.07517738037488925,-0.06304633706315647,GO_TO_GOAL,0
1774682177.3086073,0.7364633947277324,0.07476937281875688,-0.06261380179965363,GO_TO_GOAL,0
1774682177.5756066,0.7581494766907366,0.07342411491894522,-0.06160620018632073,GO_TO_GOAL,0
1774682177.8503401,0.7623386281831204,0.07316391929042086,-0.061809736663218255,GO_TO_GOAL,0
1774682178.1123638,0.7697391044345727,0.07270344109021541,-0.06186734045496905,GO_TO_GOAL,0
1774682178.4070983,0.7774103946607356,0.07222569536460814,-0.062112274767628636,GO_TO_GOAL,0
1774682178.699596,0.783683655368609,0.07183601845111402,-0.06176599650951835,GO_TO_GOAL,0
1774682178.9847465,0.7899511281948778,0.07145029817443775,-0.06176714118936793,GO_TO_GOAL,0
1774682179.2633896,0.8009647439941696,0.0707729831835577,-0.06112549703853936,GO_TO_GOAL,0
1774682179.5442483,0.8119275882135562,0.07009840207834644,-0.061366473292740205,GO_TO_GOAL,0
1774682179.8320146,0.8200212873708342,0.06960165148061252,-0.06158120394980898,GO_TO_GOAL,0
1774682180.1140895,0.8214686820143685,0.06951184939848223,-0.06182932743345809,GO_TO_GOAL,0
1774682180.3968,0.8262004829737596,0.06921710513722622,-0.06197619501844059,GO_TO_GOAL,0
1774682180.68209,0.83482431372583,0.06868414561045266,-0.0615151530183043,GO_TO_GOAL,0
1774682180.9709034,0.8476297306503704,0.06789111165660412,-0.06211070475645336,GO_TO_GOAL,0
1774682181.2624805,0.8649256364068139,0.06682218968615608,-0.06193030076151246,GO_TO_GOAL,0
1774682181.5417964,0.8696450272071534,0.06653067457339744,-0.0616596974788171,GO_TO_GOAL,0
1774682181.821312,0.8816058626347103,0.06579378658234361,-0.061390531462918,GO_TO_GOAL,0
1774682182.1004202,0.888362728933808,0.06537743008846893,-0.061481272236199085,GO_TO_GOAL,0
1774682182.387767,0.8930912277601818,0.06508454475016633,-0.061614085553090954,GO_TO_GOAL,0
1774682182.6696036,0.9016930123913107,0.06455085385729774,-0.061676863563024535,GO_TO_GOAL,0
1774682182.9405131,0.9141723681744544,0.06377610903451215,-0.06168487814134643,GO_TO_GOAL,0
1774682183.2161212,0.93234626921887,0.06266068994145005,-0.06093938397048197,GO_TO_GOAL,0
1774682183.497263,0.9341199501267076,0.06255289987698051,-0.060850702565487455,GO_TO_GOAL,0
1774682183.766963,0.9377021169854255,0.062335611530859945,-0.06088489236558252,GO_TO_GOAL,0
1774682184.0374434,0.9451673052372624,0.06188283786972708,-0.060772740288300535,GO_TO_GOAL,0
1774682184.3092096,0.9466172996512972,0.06179495537378527,-0.060499619445059376,GO_TO_GOAL,0
1774682184.5863965,0.9570911769711401,0.06116151117093785,-0.06065144823446871,GO_TO_GOAL,0
1774682184.8593066,0.9752314735000935,0.06005253120911682,-0.06140149957659751,GO_TO_GOAL,0
1774682185.1608255,0.9829508520406388,0.05957504063791584,-0.061516545439105175,GO_TO_GOAL,0
1774682185.439538,0.994222791157634,0.05887671882251821,-0.061803739334636065,GO_TO_GOAL,0
1774682185.7244067,0.9954623863189934,0.058800011594840856,-0.062133714360749936,GO_TO_GOAL,0
1774682186.0025585,0.999901843081751,0.058522060671966296,-0.06229779013358132,GO_TO_GOAL,0
1774682186.2792034,1.0064390239163143,0.05811184448518153,-0.06296432412468937,GO_TO_GOAL,0
1774682186.5531363,1.0147158860377339,0.05758707764177394,-0.06324784640577492,GO_TO_GOAL,0
1774682186.8391435,1.027546713759146,0.05676662145459893,-0.06411573292316904,GO_TO_GOAL,0
1774682187.1303768,1.0424068152105572,0.05580859929794148,-0.06456526988401075,GO_TO_GOAL,0
1774682187.4242222,1.043852120504014,0.05571460492370495,-0.06480320772736065,GO_TO_GOAL,0
1774682187.7129269,1.050353178224804,0.0552905472574257,-0.06484853457848289,GO_TO_GOAL,0
1774682187.98712,1.0589314685840665,0.05473090989284959,-0.06483669821077646,GO_TO_GOAL,0
1774682188.2665784,1.0716650774080498,0.05391013946535009,-0.06394832676478272,GO_TO_GOAL,0
1774682188.5461485,1.0867790325349196,0.0529376836009347,-0.06431014344799962,GO_TO_GOAL,0
1774682188.822413,1.0988572221278508,0.05215763852674777,-0.06425527659246426,GO_TO_GOAL,0
1774682189.0930135,1.1184111098613452,0.050901874863269234,-0.06373873154600013,GO_TO_GOAL,0
1774682189.3860686,1.1210728913360417,0.050732793692969964,-0.06365463336593409,GO_TO_GOAL,0
1774682189.6759126,1.1311157569143115,0.05009021278538825,-0.06352718143744744,GO_TO_GOAL,0
1774682189.9531713,1.1431789910934884,0.04932485511483664,-0.06309062827766405,GO_TO_GOAL,0
1774682190.2280014,1.1595129497988077,0.04830252100300279,-0.06224846456749993,GO_TO_GOAL,0
1774682190.504026,1.1615753608922084,0.04817456979887215,-0.06212469705993988,GO_TO_GOAL,0
1774682190.7788117,1.1662822717016326,0.04788022389318955,-0.062190873987994666,GO_TO_GOAL,0
1774682191.0514965,1.1724717994391316,0.047492900927299804,-0.062205292969397315,GO_TO_GOAL,0
1774682191.3314745,1.1851857598740783,0.04670409094684777,-0.0616439715473605,GO_TO_GOAL,0
1774682191.621619,1.199702718344593,0.045805094548132766,-0.06145456455281156,GO_TO_GOAL,0
1774682191.9301176,1.2005625902274637,0.045752397024427814,-0.06124228657703283,GO_TO_GOAL,0
1774682192.2282484,1.207993097736239,0.04529958121848824,-0.06110704552897111,GO_TO_GOAL,0
1774682192.5482693,1.2201336675811776,0.044553920722213425,-0.06098476076996433,GO_TO_GOAL,0
1774682192.846555,1.2333814258522704,0.04374143203894363,-0.06098988859411185,GO_TO_GOAL,0
1774682193.1360583,1.2500116675268176,0.04273409199897491,-0.060101682502252056,GO_TO_GOAL,0
1774682193.4440389,1.26367398485651,0.041918064696779236,-0.05930754420106915,GO_TO_GOAL,0
1774682193.745374,1.2769620968785145,0.04112879990599214,-0.05912092504118198,GO_TO_GOAL,0
1774682194.0364366,1.2863972180091523,0.040571293138161046,-0.058931170337861036,GO_TO_GOAL,0
1774682194.316727,1.2979796871864822,0.039892757349582086,-0.05819548144413084,GO_TO_GOAL,0
1774682194.597602,1.3103803110229946,0.03916800502556736,-0.058179083022909014,GO_TO_GOAL,0
1774682194.8783264,1.3216375274390653,0.038513522095683775,-0.05798044533510144,GO_TO_GOAL,0
1774682195.1679585,1.3338499912257216,0.03780906129405381,-0.057352501553401825,GO_TO_GOAL,0
1774682195.4448254,1.345136188754757,0.03716363705646181,-0.05700741630274613,GO_TO_GOAL,0
1774682195.7174032,1.3639409880856315,0.03609719642335073,-0.05638495734112729,GO_TO_GOAL,0
1774682195.994556,1.3672310686487799,0.03591240147768138,-0.056434389170944295,GO_TO_GOAL,0
1774682196.2889204,1.3702257994488796,0.035744033875968056,-0.05640315729274775,GO_TO_GOAL,0
1774682196.5656018,1.3788635829666203,0.0352529181188485,-0.056599488598776455,GO_TO_GOAL,0
1774682196.8502128,1.3923156718051606,0.034494580065600154,-0.056111558288180215,GO_TO_GOAL,0
1774682197.135601,1.4072869572628548,0.03364516127638742,-0.057056846310431335,GO_TO_GOAL,0
1774682197.4239988,1.4108404380037125,0.03344074022086126,-0.05729235757565171,GO_TO_GOAL,0
1774682197.728691,1.414992450754818,0.033200893312463356,-0.05752916257269951,GO_TO_GOAL,0
1774682198.0174794,1.4227831784745102,0.03275425757846623,-0.0576254816885578,GO_TO_GOAL,0
1774682198.2992325,1.4320424516184997,0.03221609702837551,-0.058437011551401734,GO_TO_GOAL,0
1774682198.5789368,1.4442976391160902,0.0314941638176759,-0.0591891165888208,GO_TO_GOAL,0
1774682198.8500407,1.459838293506649,0.03056717302994955,-0.059911523581709654,GO_TO_GOAL,0
1774682199.1223454,1.4741758313502737,0.0297016714483856,-0.06061688768317147,GO_TO_GOAL,0
1774682199.4067504,1.492695899090825,0.028570864352295233,-0.06128939753736566,GO_TO_GOAL,0
1774682199.69297,1.4950472306588984,0.02842565321062095,-0.0614881338166478,GO_TO_GOAL,0
1774682199.9777112,1.5006752843191375,0.02807705336488235,-0.061625858770936896,GO_TO_GOAL,0
1774682200.2699332,1.5099047939290562,0.02751074414614677,-0.06107909044567578,GO_TO_GOAL,0
1774682200.5362015,1.5247362190882103,0.026600176557353365,-0.060930521918259255,GO_TO_GOAL,0
1774682200.7961183,1.5247362190882157,0.026600176557353018,-0.060930521919555995,GO_TO_GOAL,0
1774682201.0768712,1.5267783330752158,0.026474827379944894,-0.061097158102962505,GO_TO_GOAL,0
1774682201.3534222,1.5323804210947725,0.026130264009361037,-0.06114341939563288,GO_TO_GOAL,0
1774682201.6359463,1.5394264061596021,0.025694349955778354,-0.06149071938550727,GO_TO_GOAL,0
1774682201.9111876,1.5531109733527289,0.024856702038739575,-0.06095096323997367,GO_TO_GOAL,0
1774682202.1789637,1.5548548745883468,0.024749614534550893,-0.06114397313401426,GO_TO_GOAL,0
1774682202.449613,1.5617437921596038,0.024330315605102976,-0.05993722959993745,GO_TO_GOAL,0
1774682202.7190633,1.5718168510206925,0.023723106523633068,-0.06038738949152438,GO_TO_GOAL,0
1774682202.9845734,1.5833201970827295,0.02302491290872748,-0.060423813669797044,GO_TO_GOAL,0
1774682203.2598226,1.603525125201111,0.021794358204678007,-0.06087125408848465,GO_TO_GOAL,0
1774682203.5296195,1.610016058442914,0.02139666628500267,-0.060881309882642884,GO_TO_GOAL,0
1774682203.7960322,1.6195362998850162,0.02081986555989053,-0.06031871338428778,GO_TO_GOAL,0
1774682204.070379,1.637036522399969,0.01976001773253398,-0.06055811323955191,GO_TO_GOAL,0
1774682204.3503752,1.6414538355912545,0.019490603195053777,-0.06064724245069058,GO_TO_GOAL,0
1774682204.6200926,1.6500102205687102,0.018968252558070484,-0.06061490748626903,GO_TO_GOAL,0
1774682204.8925436,1.662100245664186,0.01823193417576854,-0.06060923083065944,GO_TO_GOAL,0
1774682205.1594176,1.6677505634508125,0.017888505994098886,-0.06060233460747581,GO_TO_GOAL,0
1774682205.4225223,1.673971791901646,0.01750906557669259,-0.06084269935789037,GO_TO_GOAL,0
1774682205.6982064,1.6845929883557258,0.016860244486972556,-0.06058863899131822,GO_TO_GOAL,0
1774682205.9728808,1.6954904747567112,0.016196772239264412,-0.060598429645152545,GO_TO_GOAL,0
1774682206.2509127,1.7043810976714593,0.01565804299383837,-0.06035696058162237,GO_TO_GOAL,0
1774682206.5328395,1.7138369972271266,0.015084376871676741,-0.06073578044455857,GO_TO_GOAL,0
1774682206.8114207,1.7300465501761177,0.014106101006316795,-0.05996722169491391,GO_TO_GOAL,0
1774682207.104297,1.7335482788357193,0.013896622608913615,-0.05998635333972807,GO_TO_GOAL,0
1774682207.4002428,1.7408357067512328,0.01345704854072433,-0.05991034207608208,GO_TO_GOAL,0
1774682207.6893475,1.7522563903062531,0.01277051496677734,-0.05970161473040085,GO_TO_GOAL,0
1774682207.9949706,1.7679032384794462,0.01184517523879516,-0.05848590507261391,GO_TO_GOAL,0
1774682208.3041723,1.7853323847265707,0.010836222264874395,-0.05721547271165632,GO_TO_GOAL,0
1774682208.6285827,1.78649166566496,0.01077011264669136,-0.05702818677055227,GO_TO_GOAL,0
1774682208.9380276,1.7887577662134202,0.010640574944693787,-0.05710402350888139,GO_TO_GOAL,0
1774682209.2490945,1.7907916007363849,0.010523588386721638,-0.057238270319806044,GO_TO_GOAL,0
1774682209.5426595,1.7948914975609636,0.010289531638297015,-0.056810916141725225,GO_TO_GOAL,0
1774682209.8916237,1.7960320982744435,0.010224252433639943,-0.057065469265831725,GO_TO_GOAL,0
1774682210.178872,1.8084591095898912,0.009520596928607144,-0.05611736129473726,GO_TO_GOAL,0
1774682210.4663422,1.82026960006795,0.008854996274542809,-0.0558679080155771,GO_TO_GOAL,0
1774682210.749665,1.830331571887825,0.008296960114003058,-0.055095316520848814,GO_TO_GOAL,0
1774682211.0287793,1.8436252613309225,0.007561756470930351,-0.05479365253908468,GO_TO_GOAL,0
1774682211.324557,1.8480513940147782,0.007317557027642064,-0.05537598574543927,GO_TO_GOAL,0
1774682211.6201475,1.8527566653149299,0.007055213924746267,-0.05543067753545165,GO_TO_GOAL,0
1774682211.911667,1.858972347135632,0.006708924511612234,-0.05588195887572716,GO_TO_GOAL,0
1774682212.2563791,1.8699228310880567,0.00609402549029518,-0.0562186564063372,GO_TO_GOAL,0
1774682212.562596,1.885019612979313,0.005242560861300907,-0.056393597465251015,GO_TO_GOAL,0
1774682212.8471315,1.8995051218015915,0.004423374529306664,-0.05652144067752523,GO_TO_GOAL,0
1774682213.1289713,1.9124588270866212,0.003688897045526702,-0.05634567439949349,GO_TO_GOAL,0
1774682213.413815,1.9305138477278838,0.002667432052810189,-0.056558183814163374,GO_TO_GOAL,0
1774682213.7149045,1.939641402324348,0.0021492425348005493,-0.05679996375156599,FIX_YAW,0
1774682214.039585,1.9499235858856934,0.0015637996068334882,-0.05688295529503633,GO_TO_GOAL,1
1774682214.3177772,1.9622287612564533,0.0008637968350695554,-0.05669547006094837,GO_TO_GOAL,1
1774682214.5977688,1.9765452410123374,5.431301523101825e-05,-0.056193711650728555,GO_TO_GOAL,1
1774682214.88401,1.9765452410123374,5.431301523101825e-05,-0.056193711650728555,GO_TO_GOAL,1
1774682215.165176,1.9765452410123374,5.431301523101825e-05,-0.056193711650728555,GO_TO_GOAL,1
1774682215.4484518,1.9765452410126314,5.4313015220778624e-05,-0.01389371167151281,GO_TO_GOAL,1
1774682215.731653,1.9765452410124102,5.4313015223248944e-05,-0.008493711670329907,GO_TO_GOAL,1
1774682216.0157542,1.976545241012437,5.4313015217266175e-05,0.04100628831145898,GO_TO_GOAL,1
1774682216.2889621,1.9765452410125177,5.4313015221056674e-05,0.05270628830508479,GO_TO_GOAL,1
1774682216.5723743,1.976545241012463,5.4313015216373544e-05,0.07970628829639057,GO_TO_GOAL,1
1774682216.8481042,1.9765452410125004,5.4313015219444106e-05,0.08510628829299223,GO_TO_GOAL,1
1774682217.1403637,1.9765452410125393,5.4313015218812735e-05,0.14270628827114024,GO_TO_GOAL,1
1774682217.4197757,1.9765452410126352,5.4313015233262026e-05,0.15800628826375046,GO_TO_GOAL,1
1774682217.6950145,1.9765452410125677,5.4313015214241176e-05,0.20300628824776318,GO_TO_GOAL,1
1774682217.9791548,1.9765452410125888,5.431301521741348e-05,0.22730628823816573,GO_TO_GOAL,1
1774682218.250999,1.9765452410126478,5.431301522982957e-05,0.2579062882260028,GO_TO_GOAL,1
1774682218.5235128,1.9765452410126922,5.431301523832759e-05,0.29480628821187294,GO_TO_GOAL,1
1774682218.8029504,1.9765452410128794,5.431301529743028e-05,0.3227062881978883,GO_TO_GOAL,1
1774682219.0899043,1.9765452410127857,5.4313015261689895e-05,0.35240628818952713,GO_TO_GOAL,1
1774682219.3683734,1.9765452410129252,5.431301531500903e-05,0.3740062881784989,GO_TO_GOAL,1
1774682219.6410081,1.9765452410128472,5.43130152821447e-05,0.40640628816853086,GO_TO_GOAL,1
1774682219.9224079,1.9765452410128472,5.431301527689317e-05,0.4514062881506127,GO_TO_GOAL,1
1774682220.199307,1.9765452410128503,5.4313015278439375e-05,0.4532062881500915,GO_TO_GOAL,1
1774682220.4782321,1.976545241012863,5.4313015284598965e-05,0.46130628814710434,GO_TO_GOAL,1
1774682220.7518752,1.976545241012869,5.431301528586655e-05,0.48380628813837806,GO_TO_GOAL,1
1774682221.0253866,1.9765452410128717,5.431301528310329e-05,0.5207062881238307,GO_TO_GOAL,1
1774682221.3029435,1.9765452410130429,5.431301538621239e-05,0.5585062881046822,GO_TO_GOAL,1
1774682221.5891144,1.9765452410128943,5.431301528975023e-05,0.5783062880995185,GO_TO_GOAL,1
1774682221.862035,1.976545241012865,5.431301526907978e-05,0.596306288094437,GO_TO_GOAL,1
1774682222.1479266,1.9765452410128903,5.4313015286099494e-05,0.60170628809098,GO_TO_GOAL,1
1774682222.4301558,1.9765452410130222,5.431301538471733e-05,0.666506288062633,GO_TO_GOAL,1
1774682222.717262,1.976545241012863,5.4313015256990685e-05,0.6764062880631713,GO_TO_GOAL,1
1774682223.0369134,1.9765452410128679,5.431301526021683e-05,0.684506288060461,GO_TO_GOAL,1
1774682223.3193247,1.9765452410129025,5.431301528899339e-05,0.6926062880557029,GO_TO_GOAL,1
1774682223.6049042,1.9765452410128874,5.431301527396554e-05,0.7367062880406929,GO_TO_GOAL,1
1774682223.8853958,1.9765452410129796,5.431301535795285e-05,0.7601062880285041,GO_TO_GOAL,1
1774682224.1734688,1.9765452410129125,5.4313015285887315e-05,0.8204062880083318,GO_TO_GOAL,1
1774682224.4533992,1.9765452410129294,5.431301529954513e-05,0.8636062879918156,GO_TO_GOAL,1
1774682224.7317889,1.976545241013066,5.431301546502922e-05,0.9041062879713483,GO_TO_GOAL,1
1774682225.0071557,1.9765452410129687,5.43130153414806e-05,0.905906287975872,GO_TO_GOAL,1
1774682225.2853796,1.976545241012978,5.431301535401547e-05,0.914906287973126,GO_TO_GOAL,1
1774682225.5817695,1.9765452410130042,5.431301538759633e-05,0.9374062879650765,GO_TO_GOAL,1
1774682225.8830137,1.9765452410130877,5.431301550398406e-05,0.9644062879511471,GO_TO_GOAL,1
1774682226.157828,1.9765452410130422,5.431301543025555e-05,1.0121062879363545,GO_TO_GOAL,1
1774682226.444549,1.9765452410130429,5.4313015431005296e-05,1.0139062879357998,GO_TO_GOAL,1
1774682226.7368395,1.9765452410130433,5.431301543169455e-05,1.0220062879335212,GO_TO_GOAL,1
1774682227.0153723,1.9765452410130473,5.431301543838693e-05,1.0355062879289973,GO_TO_GOAL,1
1774682227.300697,1.9772281339329614,0.0012261365422423923,1.050778673587423,GO_TO_GOAL,1
1774682227.5785258,1.9785415600090643,0.003603579297653096,1.0813505266504442,GO_TO_GOAL,1
1774682227.8677409,1.979710622938587,0.0058765196068919015,1.110121084660388,GO_TO_GOAL,1
1774682228.147587,1.981178154428695,0.008982998380245284,1.1487904008763539,GO_TO_GOAL,1
1774682228.439207,1.982434333381151,0.01192120214010082,1.1847578773440826,GO_TO_GOAL,1
1774682228.7254772,1.983107749705717,0.01362844893741456,1.2054227519169465,GO_TO_GOAL,1
1774682228.9974616,1.9835008516827073,0.014674886993076787,1.2174698481091482,GO_TO_GOAL,1
1774682229.2735038,1.9840687180148906,0.01625598143183356,1.2344987862471153,GO_TO_GOAL,1
1774682229.5523076,1.9843438748551532,0.01705160633394247,1.2411698320647573,GO_TO_GOAL,1
1774682229.8331223,1.9863576589954592,0.02341551864615208,1.2851026169389335,GO_TO_GOAL,1
1774682230.1261177,1.9869265574819563,0.025391828124657394,1.2959479342602402,GO_TO_GOAL,1
1774682230.4235935,1.9883482996101716,0.030729102913610865,1.3245297980618562,GO_TO_GOAL,1
1774682230.7079113,1.9890862755783525,0.03375065912891993,1.338011560623357,GO_TO_GOAL,1
1774682230.9835305,1.9901291117201207,0.03834878792918879,1.3575851633678344,GO_TO_GOAL,1
1774682231.2572415,1.991726279131323,0.0461958204835515,1.3825117272457839,GO_TO_GOAL,1
1774682231.5380795,1.9928459182304026,0.052374898474144636,1.4006802267153229,GO_TO_GOAL,1
1774682231.818768,1.9946795897496075,0.06415360524478089,1.430891401327057,GO_TO_GOAL,1
1774682232.0923266,1.994701313179097,0.06430796503349026,1.431072796463574,GO_TO_GOAL,1
1774682232.3797066,1.995099415034962,0.06719310346719369,1.4364982862607023,GO_TO_GOAL,1
1774682232.653447,1.9961307304839047,0.07520105005013882,1.449143315565809,GO_TO_GOAL,1
1774682232.9408686,1.9971291074313933,0.0837745362581243,1.4608311535765048,GO_TO_GOAL,1
1774682233.212128,1.9987059006599468,0.09927313399575993,1.4776845476952556,GO_TO_GOAL,1
1774682233.4954455,1.9988740588958602,0.10108761713924912,1.4794347869492035,GO_TO_GOAL,1
1774682233.763952,1.999165951733255,0.10432209269628738,1.4825310178355102,GO_TO_GOAL,1
1774682234.0277016,1.999757319157134,0.11122464858516044,1.4883505264126433,GO_TO_GOAL,1
1774682234.2949607,2.000472671593591,0.12024072147378348,1.4952092433170274,GO_TO_GOAL,1
1774682234.5578122,2.0015791031690267,0.1358702485317578,1.5050622189981335,GO_TO_GOAL,1
1774682234.8213692,2.001775795554889,0.13888706660017494,1.5067827860500385,GO_TO_GOAL,1
1774682235.0942779,2.0022346543078515,0.14626835517128736,1.510815645911785,GO_TO_GOAL,1
1774682235.3801203,2.0030607022128764,0.16096920354433314,1.5186882283815115,GO_TO_GOAL,1
1774682235.660909,2.0032347147113616,0.16433880595938963,1.5202169059835098,GO_TO_GOAL,1
1774682235.9463956,2.0036393256489946,0.17257010152391727,1.5232965849489688,GO_TO_GOAL,1
1774682236.2263029,2.004273105428543,0.18670775789847915,1.5288522360349908,GO_TO_GOAL,1
1774682236.5093567,2.0043507673153496,0.18855824271660837,1.529371431059036,GO_TO_GOAL,1
1774682236.787094,2.004539730230083,0.1931632187133038,1.5307625174921227,GO_TO_GOAL,1
1774682237.065662,2.0048692863291095,0.20161137800050719,1.533428565150865,GO_TO_GOAL,1
1774682237.340467,2.0052314938923415,0.21176796754425556,1.5369329680918056,GO_TO_GOAL,1
1774682237.6043239,2.005738073642735,0.22758401246716603,1.5410629497925943,GO_TO_GOAL,1
1774682237.8710263,2.0057380736427346,0.22758401246711363,1.5410629497905781,GO_TO_GOAL,1
1774682238.1334472,2.0058759070233627,0.23235604567007523,1.5424671429393808,GO_TO_GOAL,1
1774682238.4284813,2.00606991738163,0.23931757223845163,1.5440106234546334,GO_TO_GOAL,1
1774682238.7161255,2.006388647022063,0.2516830428058161,1.5461683735525589,GO_TO_GOAL,1
1774682238.9935453,2.0063941500970714,0.25190463558996545,1.5457661277420265,GO_TO_GOAL,1
1774682239.2756367,2.006588905688522,0.25980545839983704,1.5471652799614222,GO_TO_GOAL,1
1774682239.53757,2.0069129491423676,0.27459000671229,1.5500452636940696,GO_TO_GOAL,1
1774682239.7992816,2.007212574844671,0.2902558445690431,1.5531747790032508,GO_TO_GOAL,1
1774682240.065732,2.0074807398448433,0.30612297761365737,1.555470688053647,GO_TO_GOAL,1
1774682240.3440373,2.007531572006331,0.3095615688506137,1.5560059016921133,GO_TO_GOAL,1
1774682240.6211176,2.007616081628759,0.3155840144100586,1.5569566761507718,GO_TO_GOAL,1
1774682240.889226,2.007775602668071,0.328232071398475,1.559370147513851,GO_TO_GOAL,1
1774682241.1564417,2.007802276038681,0.3305087806100896,1.5594176708762517,GO_TO_GOAL,1
1774682241.4315877,2.0078981653843893,0.3394618269345384,1.5607441251051004,GO_TO_GOAL,1
1774682241.695372,2.0080281230328296,0.3528274456000907,1.5617359968612,GO_TO_GOAL,1
1774682241.9637594,2.0081658883004323,0.3688038970585519,1.5631521924044107,GO_TO_GOAL,1
1774682242.2292914,2.008193291955359,0.372608890612027,1.5634308964129475,GO_TO_GOAL,1
1774682242.5046601,2.0082746128980955,0.38515384950364834,1.5651493108432952,GO_TO_GOAL,1
1774682242.7865024,2.008355663442551,0.40003989673276574,1.5662392372057936,GO_TO_GOAL,1
1774682243.069744,2.008363045290125,0.4017831570572872,1.5664710558053205,GO_TO_GOAL,1
1774682243.3530662,2.008397718195276,0.41116962386146017,1.5676849563499993,GO_TO_GOAL,1
1774682243.630886,2.0084407213887343,0.42524254695065755,1.5684351129894831,GO_TO_GOAL,1
1774682243.9118016,2.008444280133588,0.42626130535963364,1.5673364334978872,GO_TO_GOAL,1
1774682244.1855316,2.0084566148549023,0.43000237706448696,1.5674386313192161,GO_TO_GOAL,1
1774682244.4575727,2.0084794263475136,0.4363884749929553,1.5675922983563892,GO_TO_GOAL,1
1774682244.7214139,2.0085146590402405,0.4467040232286223,1.567857740352636,GO_TO_GOAL,1
1774682244.990538,2.008553440597943,0.46265073763603687,1.5688718773526946,GO_TO_GOAL,1
1774682245.252913,2.008567255248367,0.47265832040372013,1.5696883587001493,GO_TO_GOAL,1
1774682245.529903,2.0085737125862906,0.48333823466697046,1.5703728962363281,GO_TO_GOAL,1
1774682245.812326,2.008579978727443,0.4930803637297684,1.5700191205837009,GO_TO_GOAL,1
1774682246.1000352,2.0085922448939773,0.5066198416674956,1.5702331995557974,GO_TO_GOAL,1
1774682246.3792655,2.0085953012823685,0.5131926933576941,1.570057171258808,GO_TO_GOAL,1
1774682246.647198,2.0086058546528056,0.5238041453639011,1.570012913838397,GO_TO_GOAL,1
1774682246.9145534,2.008625587466678,0.5380948324411919,1.5692804141464687,GO_TO_GOAL,1
1774682247.1800795,2.0086411077356017,0.5466333304980193,1.5691398271000163,GO_TO_GOAL,1
1774682247.4561028,2.008655859296504,0.5564200434262474,1.5687208419212335,GO_TO_GOAL,1
1774682247.749471,2.008670841017913,0.5626133845117197,1.568708671291707,GO_TO_GOAL,1
1774682248.0339143,2.0086924624893414,0.5768468256979564,1.5697322540522085,GO_TO_GOAL,1
1774682248.3181653,2.0087131014237127,0.5952019594741728,1.569691629754542,GO_TO_GOAL,1
1774682248.5926015,2.00872269400653,0.6019770938757848,1.5697422028382149,GO_TO_GOAL,1
1774682248.8609438,2.008733303449303,0.60997163401604,1.5695649323860539,GO_TO_GOAL,1
1774682249.1234004,2.008747183830171,0.6194246887399798,1.569616027924066,GO_TO_GOAL,1
1774682249.3972108,2.00876395905136,0.6315105187889191,1.5696669916357826,GO_TO_GOAL,1
1774682249.6612713,2.0087686893235204,0.6472314807313049,1.5710818174700267,GO_TO_GOAL,1
1774682249.9222076,2.008767052749442,0.6498935050427036,1.5711956174636899,GO_TO_GOAL,1
1774682250.2013845,2.008760916498668,0.6595936519972694,1.571685574348139,GO_TO_GOAL,1
1774682250.4839687,2.0087475905042873,0.6748879669769616,1.572176352223408,GO_TO_GOAL,1
1774682250.7717266,2.008743037245056,0.6775489692150727,1.5722940503088476,GO_TO_GOAL,1
1774682251.0486534,2.0087243539357287,0.6870855785822952,1.572746449992564,GO_TO_GOAL,1
1774682251.3290803,2.008690942090599,0.7054581451214211,1.573168030757825,GO_TO_GOAL,1
1774682251.6172757,2.0086869380629926,0.7074996972820803,1.5729816391561733,GO_TO_GOAL,1
1774682251.8970537,2.008678447172555,0.712219067592168,1.5728755473301772,GO_TO_GOAL,1
1774682252.176999,2.0086650822714747,0.7199376295920344,1.57224262181802,GO_TO_GOAL,1
1774682252.4816694,2.008650284040893,0.7326976178756568,1.5723508588790867,GO_TO_GOAL,1
1774682252.759964,2.008629903769232,0.7484674446041278,1.5718921867794644,GO_TO_GOAL,1
1774682253.0294805,2.0086205440877563,0.7603081932424407,1.5717445617887367,GO_TO_GOAL,1
1774682253.2959514,2.008615398473099,0.7680627633561273,1.571305576206903,GO_TO_GOAL,1
1774682253.57534,2.0086143545003607,0.7748626991779192,1.571268921850279,GO_TO_GOAL,1
1774682253.8625774,2.008610957159689,0.7790104355291255,1.571907630934143,GO_TO_GOAL,1
1774682254.1718407,2.008604454440938,0.7872612506237866,1.57172281898341,GO_TO_GOAL,1
1774682254.4600053,2.008597450747391,0.8042281871667176,1.5710714884871826,GO_TO_GOAL,1
1774682254.7416954,2.0085977554250927,0.8065638237261653,1.5709045768824053,GO_TO_GOAL,1
1774682255.0211163,2.0085991766815052,0.8124598506510001,1.5708802974673186,GO_TO_GOAL,1
1774682255.3007014,2.0085946770904215,0.8210784095779787,1.571548503243082,GO_TO_GOAL,1
1774682255.577408,2.0085910562146356,0.8293767569654337,1.5709875742923844,GO_TO_GOAL,1
1774682255.8622274,2.0085919467792483,0.8373451645152774,1.5710623183144636,GO_TO_GOAL,1
1774682256.151582,2.00858047908903,0.8509747248682986,1.5720992926634678,GO_TO_GOAL,1
1774682256.4269016,2.0085574896305918,0.8696338820616368,1.5720395426760299,GO_TO_GOAL,1
1774682256.713141,2.008555537481011,0.8719692689764067,1.571872859468884,GO_TO_GOAL,1
1774682257.0024295,2.0085480958213333,0.8770415163911596,1.5729438470814663,GO_TO_GOAL,1
1774682257.2869036,2.0085315724653197,0.8858964489418226,1.5730664486779555,GO_TO_GOAL,1
1774682257.5706196,2.0085089429467864,0.8971683871811934,1.5730220207995749,GO_TO_GOAL,1
1774682257.8576548,2.008480156500328,0.9114007045537076,1.572695536000676,GO_TO_GOAL,1
1774682258.1396725,2.0084441264110064,0.931266790853946,1.5726072353101226,GO_TO_GOAL,1
1774682258.4189942,2.0084404153620965,0.9330311212393053,1.5727637124624567,GO_TO_GOAL,1
1774682258.7160993,2.008430824165504,0.9371790646729097,1.5734064119650326,GO_TO_GOAL,1
1774682258.9972162,2.008413397900688,0.9448687991049598,1.5734051730808747,GO_TO_GOAL,1
1774682259.2916923,2.0083915870832305,0.954335813078714,1.573485354141688,GO_TO_GOAL,1
1774682259.5758386,2.0083492363850612,0.9676877414402069,1.5742644758727056,GO_TO_GOAL,1
1774682259.8543456,2.008306102656443,0.9810377312065606,1.5738706709344217,GO_TO_GOAL,1
1774682260.1518915,2.008245847478423,0.9979599204270749,1.5748363043106346,GO_TO_GOAL,1
1774682260.4468598,2.0082438891179364,0.9985323468829984,1.5741543964106923,GO_TO_GOAL,1
1774682260.7379534,2.008231690551091,1.0026560140512806,1.5740309284792864,GO_TO_GOAL,1
1774682261.0337374,2.0082121448551002,1.0094915972696379,1.573757479132341,GO_TO_GOAL,1
1774682261.3254077,2.0081867664619395,1.0189638041873939,1.5738485112641523,GO_TO_GOAL,1
1774682261.615555,2.0081441721452538,1.031166163142095,1.574648506975586,GO_TO_GOAL,1
1774682261.9123979,2.0081009045084586,1.0412685358108211,1.5754535050832434,GO_TO_GOAL,1
1774682262.2022152,2.008034634239368,1.0543484362557767,1.576166380599488,GO_TO_GOAL,1
1774682262.484491,2.0079677505435294,1.0674507389235248,1.5758930210463133,GO_TO_GOAL,1
1774682262.7567918,2.007895728611415,1.0822792769622624,1.57611161067399,GO_TO_GOAL,1
1774682263.036982,2.0078040243192428,1.0980439321522235,1.5770578051799793,GO_TO_GOAL,1
1774682263.3178718,2.0077246402480227,1.1099226763843844,1.577618168137494,GO_TO_GOAL,1
1774682263.6210911,2.007670125023243,1.117685006520779,1.578117703256717,GO_TO_GOAL,1
1774682263.9110348,2.0076252600521425,1.1235866540006965,1.5783934233592212,GO_TO_GOAL,1
1774682264.211685,2.0075519727679656,1.1337293036760865,1.5780543338134136,GO_TO_GOAL,1
1774682264.5048354,2.00747634272594,1.1447446980454956,1.5779632806210553,GO_TO_GOAL,1
1774682264.7982504,2.0073711138286727,1.1601722911329293,1.5778505513926822,GO_TO_GOAL,1
1774682265.096526,2.00724834176717,1.1767343566876747,1.5785613149147661,GO_TO_GOAL,1
1774682265.389902,2.0071541870216207,1.1883657182988445,1.5789328185419236,GO_TO_GOAL,1
1774682265.6741235,2.0069857365945025,1.2086621267369622,1.5793241296686997,GO_TO_GOAL,1
1774682265.9486048,2.006975475453905,1.2098288008502531,1.5795064641105119,GO_TO_GOAL,1
1774682266.2229474,2.006951307921221,1.2125133169733797,1.5795376725893384,GO_TO_GOAL,1
1774682266.4970205,2.006926671641957,1.2154841360012725,1.5787302039382773,GO_TO_GOAL,1
1774682266.7760363,2.00690457159616,1.2181728686302726,1.5787462230285612,GO_TO_GOAL,1
1774682267.0740905,2.00685525770031,1.2241529024774775,1.5792813534850363,GO_TO_GOAL,1
1774682267.3512402,2.0067761817737764,1.2340096334540818,1.5790439614945142,GO_TO_GOAL,1
1774682267.6353347,2.006643420462654,1.2510656649410676,1.5788079916575213,GO_TO_GOAL,1
1774682267.9248576,2.006632445931006,1.252513148518926,1.5784985490977745,GO_TO_GOAL,1
1774682268.2113018,2.0065826668895252,1.259372706527541,1.5782099611140867,GO_TO_GOAL,1
1774682268.4976857,2.006523408506713,1.2671173600751826,1.5784999199023855,GO_TO_GOAL,1
1774682268.768897,2.0064432326724697,1.2781651759059967,1.5782941802244976,GO_TO_GOAL,1
1774682269.0349264,2.0063323949853276,1.2925148205634864,1.5787275010000328,GO_TO_GOAL,1
1774682269.308964,2.0062065869651065,1.3092409423609397,1.578598162585617,GO_TO_GOAL,1
1774682269.5810661,2.0060722879572097,1.3256826919323341,1.5792623595241133,GO_TO_GOAL,1
1774682269.8612144,2.006054100184824,1.3277609914348698,1.5793529298053117,GO_TO_GOAL,1
1774682270.1381388,2.0059839913146345,1.3360648752485864,1.5789913062716974,GO_TO_GOAL,1
1774682270.424865,2.0058361396253086,1.3536855771365492,1.579386234137464,GO_TO_GOAL,1
1774682270.6953142,2.005834166806496,1.3539233210941566,1.5788492150208928,GO_TO_GOAL,1
1774682270.9643304,2.0057914190972332,1.3595470256927171,1.5783970581165534,GO_TO_GOAL,1
1774682271.2329366,2.0057228868440142,1.3688289770482134,1.5784016155998102,GO_TO_GOAL,1
1774682271.4967911,2.005627602648788,1.3822814390596974,1.5781318046886041,GO_TO_GOAL,1
1774682271.7652745,2.0055247820016273,1.3957236564527935,1.5784658087006058,GO_TO_GOAL,1
1774682272.047055,2.00549910319265,1.3990154784504505,1.5789078307543407,GO_TO_GOAL,1
1774682272.3121347,2.005422474244808,1.4081837220433433,1.5788036597025574,GO_TO_GOAL,1
1774682272.586285,2.005294686444306,1.4234539314570591,1.5788239302116422,GO_TO_GOAL,1
1774682272.8606083,2.0052748840812,1.4258342056764086,1.5788896130029781,GO_TO_GOAL,1
1774682273.1302073,2.005206180103079,1.4347962622339132,1.5780863877713054,GO_TO_GOAL,1
1774682273.3973224,2.0051261784695544,1.4464600705765933,1.5772762118583894,GO_TO_GOAL,1
1774682273.667637,2.0050723028006363,1.4553718393756738,1.5768665909028186,GO_TO_GOAL,1
1774682273.9416366,2.0050010546869164,1.467662302802498,1.5762932153632747,GO_TO_GOAL,1
1774682274.2148952,2.004970042662507,1.4730053077374445,1.576625058708291,GO_TO_GOAL,1
1774682274.5082428,2.0048688637753234,1.4888663507480528,1.576910123400523,GO_TO_GOAL,1
1774682274.7750158,2.004855514041116,1.4912151227635115,1.576698129043876,GO_TO_GOAL,1
1774682275.0485535,2.0048129900808,1.4989329805441252,1.5765967863971357,GO_TO_GOAL,1
1774682275.3234148,2.00472927848014,1.5123320424327076,1.5774061486923538,GO_TO_GOAL,1
1774682275.5939913,2.0046123634637336,1.5307803005643998,1.5775541938936215,GO_TO_GOAL,1
1774682275.8614314,2.0046123634637336,1.5307803005643377,1.5775541938922593,GO_TO_GOAL,1
1774682276.130853,2.0045743562831944,1.5361317479073502,1.5781866443209895,GO_TO_GOAL,1
1774682276.4064238,2.0045121809817825,1.5441346018121045,1.5786618401889456,GO_TO_GOAL,1
1774682276.6737745,2.004353941451637,1.564395197774117,1.5787184534061036,GO_TO_GOAL,1
1774682276.9394672,2.0043162073973004,1.5694830455852002,1.5781552704766635,GO_TO_GOAL,1
1774682277.2165313,2.0042614461189787,1.576607298274468,1.5786322339113725,GO_TO_GOAL,1
1774682277.4926322,2.004140904027548,1.5912628431389655,1.5790986185734834,GO_TO_GOAL,1
1774682277.7605708,2.0041390634592653,1.5914910388266963,1.578625175700944,GO_TO_GOAL,1
1774682278.0322907,2.0040884550191898,1.5983266061733412,1.578460313922242,GO_TO_GOAL,1
1774682278.300718,2.0039772035445167,1.6135419056918512,1.5778220404405925,GO_TO_GOAL,1
1774682278.5842712,2.003841120767754,1.6320779429437382,1.5781717674790958,GO_TO_GOAL,1
1774682278.873013,2.0038098376766293,1.6364403802332692,1.5779357579181903,GO_TO_GOAL,1
1774682279.1598182,2.0037465909961845,1.645315648996645,1.5780241630073342,GO_TO_GOAL,1
1774682279.450226,2.0036427875874696,1.6590274774151044,1.578642872603424,GO_TO_GOAL,1
1774682279.7202563,2.003630868178987,1.6604944019992873,1.578807206435314,GO_TO_GOAL,1
1774682279.993734,2.00359343929509,1.6649865221111513,1.5788282123682271,GO_TO_GOAL,1
1774682280.272858,2.0035274353282806,1.673621335992996,1.5781186912205754,GO_TO_GOAL,1
1774682280.5540428,2.003457071818666,1.683747852944931,1.5774390109885605,GO_TO_GOAL,1
1774682280.8410184,2.0033936870629723,1.6938827904017897,1.5767284147820404,GO_TO_GOAL,1
1774682281.1204362,2.003310512894833,1.7087987850604767,1.5760856343324838,GO_TO_GOAL,1
1774682281.4089568,2.003291854506944,1.7126410781654027,1.5758964983452386,GO_TO_GOAL,1
1774682281.683371,2.003259443573714,1.7185912664415042,1.5765388759803804,GO_TO_GOAL,1
1774682281.9472637,2.0032049046463776,1.7286953597163663,1.5764210112774122,GO_TO_GOAL,1
1774682282.2213774,2.0031516415699615,1.7387380360506743,1.576251087589696,GO_TO_GOAL,1
1774682282.4885967,2.003058567847383,1.756291724773037,1.5765667437689725,GO_TO_GOAL,1
1774682282.7654688,2.003057071765479,1.7565445201356074,1.5768620797712862,GO_TO_GOAL,1
1774682283.0532572,2.0030335692475902,1.7606897345327877,1.5765623212412971,GO_TO_GOAL,1
1774682283.3479152,2.002973449612708,1.7716363599418068,1.5767134639322342,GO_TO_GOAL,1
1774682283.6636786,2.002901471476195,1.782861305596532,1.5774091245239759,GO_TO_GOAL,1
1774682283.9679396,2.002823192861716,1.7938761494189286,1.5779718122219493,GO_TO_GOAL,1
1774682284.2504275,2.0027621033259546,1.8027513913225532,1.5775230373972964,GO_TO_GOAL,1
1774682284.5398564,2.002693148659097,1.8134107659653138,1.577089246041712,GO_TO_GOAL,1
1774682284.823854,2.002618618104082,1.8243657895743282,1.5780099727032613,GO_TO_GOAL,1
1774682285.1193702,2.002557582274518,1.8323516203829489,1.578780490492482,GO_TO_GOAL,1
1774682285.4007895,2.0025011902628083,1.8391441812584242,1.5794244987330184,GO_TO_GOAL,1
1774682285.6873765,2.0024016578723534,1.8509824227938747,1.5790662239791131,GO_TO_GOAL,1
1774682285.9816,2.002297049551756,1.8628092039519213,1.5801347738969915,GO_TO_GOAL,1
1774682286.2671351,2.002166595423113,1.8770082859787507,1.5799173301484257,GO_TO_GOAL,1
1774682286.5538113,2.002011740081652,1.8941811340329417,1.5797935434964991,GO_TO_GOAL,1
1774682286.8487797,2.001996845568669,1.8959166320004828,1.5795664037342738,GO_TO_GOAL,1
1774682287.1290028,2.001972371286174,1.8988392593312036,1.5794426782256423,GO_TO_GOAL,1
1774682287.4140165,2.001925978001509,1.9044305092416003,1.579432027296169,GO_TO_GOAL,1
1774682287.6887374,2.0018569890632736,1.9126735277924476,1.5795934316365494,GO_TO_GOAL,1
1774682287.9629,2.0017654008523027,1.9232778533312576,1.579362151087222,GO_TO_GOAL,1
1774682288.245721,2.0016888102362884,1.9324268533578133,1.5788718978683618,FIX_YAW,1
1774682288.5386796,2.001552959328737,1.9477524817478291,1.5802319848932096,GO_TO_GOAL,2
1774682288.811512,2.001402234555827,1.9636041953554781,1.5810773968069927,GO_TO_GOAL,2
1774682289.0814395,2.0013773282387453,1.9661777195556784,1.5807549606296243,GO_TO_GOAL,2
1774682289.363738,2.0013773282387453,1.9661777195556767,1.5807549606293383,GO_TO_GOAL,2
1774682289.635477,2.0013773282387453,1.9661777195556767,1.5807549606293383,GO_TO_GOAL,2
1774682289.8997443,2.0013773282387453,1.9661777195557317,1.6122549606115935,GO_TO_GOAL,2
1774682290.1863685,2.0013773282387413,1.9661777195558259,1.6707549605917837,GO_TO_GOAL,2
1774682290.4590437,2.0013773282387413,1.966177719555833,1.6815549605913946,GO_TO_GOAL,2
1774682290.7331595,2.0013773282387435,1.9661777195558205,1.7067549605825802,GO_TO_GOAL,2
1774682291.0032513,2.001377328238743,1.9661777195558223,1.7346549605664268,GO_TO_GOAL,2
1774682291.2733545,2.0013773282387515,1.9661777195557832,1.7517549605652485,GO_TO_GOAL,2
1774682291.5419226,2.0013773282387524,1.9661777195557797,1.767954960559942,GO_TO_GOAL,2
1774682291.8147268,2.0013773282387533,1.9661777195557761,1.7994549605478478,GO_TO_GOAL,2
1774682292.0853739,2.001377328238756,1.9661777195557657,1.8453549605296948,GO_TO_GOAL,2
1774682292.3477936,2.001377328238756,1.9661777195557657,1.8489549605285212,GO_TO_GOAL,2
1774682292.610632,2.0013773282387564,1.966177719555764,1.8723549605206222,GO_TO_GOAL,2
1774682292.8737717,2.0013773282387572,1.9661777195557604,1.9092549605065388,GO_TO_GOAL,2
1774682293.1410348,2.0013773282387577,1.9661777195557586,1.9479549604844233,GO_TO_GOAL,2
1774682293.4038424,2.0013773282387604,1.966177719555754,1.9803549604785,GO_TO_GOAL,2
1774682293.6755724,2.0013773282387652,1.9661777195557444,2.0217549604625353,GO_TO_GOAL,2
1774682293.9633346,2.0013773282387652,1.9661777195557444,2.0748549604324995,GO_TO_GOAL,2
1774682294.2474089,2.001377328238785,1.9661777195557102,2.106354960428266,GO_TO_GOAL,2
1774682294.5400224,2.001377328238815,1.9661777195556576,2.1414549604076867,GO_TO_GOAL,2
1774682294.8069625,2.0013773282388194,1.9661777195556498,2.1468549604126284,GO_TO_GOAL,2
1774682295.0845575,2.001377328238828,1.9661777195556347,2.1666549604056953,GO_TO_GOAL,2
1774682295.3502498,2.0013773282388545,1.9661777195555925,2.195454960395128,GO_TO_GOAL,2
1774682295.6151247,2.00137732823888,1.9661777195555568,2.224254960384559,GO_TO_GOAL,2
1774682295.8779702,2.0013773282389247,1.9661777195555024,2.265654960362434,GO_TO_GOAL,2
1774682296.138394,2.001377328238925,1.966177719555501,2.2674549603673806,GO_TO_GOAL,2
1774682296.4018314,2.0013773282389353,1.9661777195554904,2.2854549603611,GO_TO_GOAL,2
1774682296.6790435,2.0013773282389535,1.9661777195554704,2.3169549603492885,GO_TO_GOAL,2
1774682296.9553163,2.0013773282389926,1.9661777195554306,2.3484549603307285,GO_TO_GOAL,2
1774682297.239861,2.001377328238998,1.9661777195554242,2.384454960321914,GO_TO_GOAL,2
1774682297.511236,2.001377328239038,1.9661777195553893,2.415054960303834,GO_TO_GOAL,2
1774682297.7945213,2.0013773282390646,1.9661777195553667,2.433954960301747,GO_TO_GOAL,2
1774682298.0730753,2.001377328239071,1.9661777195553611,2.4519549602949247,GO_TO_GOAL,2
1774682298.353468,2.001377328239086,1.966177719555349,2.47895496028512,GO_TO_GOAL,2
1774682298.6362762,2.001377328239087,1.9661777195553478,2.5149549602635495,GO_TO_GOAL,2
1774682298.9044833,2.001377328239079,1.9661777195553525,2.57435496023932,GO_TO_GOAL,2
1774682299.1646953,2.001377328239066,1.9661777195553614,2.580654960241803,GO_TO_GOAL,2
1774682299.431463,2.001377328239069,1.9661777195553596,2.5986549602346236,GO_TO_GOAL,2
1774682299.694597,2.001377328239077,1.9661777195553551,2.6274549602230173,GO_TO_GOAL,2
1774682299.9564595,2.0013773282391303,1.966177719555326,2.660754960202597,GO_TO_GOAL,2
1774682300.2190459,2.0011074112454064,1.9663154656615318,2.671428344065798,GO_TO_GOAL,2
1774682300.4767015,1.9996178303099028,1.967054862568538,2.6902016374216244,GO_TO_GOAL,2
1774682300.745387,1.9953336618464756,1.968993212548417,2.7431733922844166,GO_TO_GOAL,2
1774682301.0072508,1.9946108776977889,1.969293689863047,2.752009930015738,GO_TO_GOAL,2
1774682301.2774155,1.9922423401944054,1.9702294343213684,2.7786340318479303,GO_TO_GOAL,2
1774682301.5299704,1.9903015950995155,1.9709431003617248,2.7997592804493165,GO_TO_GOAL,2
1774682301.7941859,1.9864624410748917,1.9722217449393775,2.8397094844520434,GO_TO_GOAL,2
1774682302.0739481,1.9828402942011178,1.973302270215633,2.8636845939778666,GO_TO_GOAL,2
1774682302.345353,1.9822297846436325,1.9734751172162646,2.8676458784495824,GO_TO_GOAL,2
1774682302.6189046,1.9797023666311102,1.9741677850342187,2.8806129023781746,GO_TO_GOAL,2
1774682302.8939276,1.974178359594242,1.975571003950963,2.9051394006920552,GO_TO_GOAL,2
1774682303.1683419,1.9731402152689943,1.9758193588857325,2.9085810456814154,GO_TO_GOAL,2
1774682303.4693267,1.969745654723594,1.9766078814746875,2.9182906411254,GO_TO_GOAL,2
1774682303.7384586,1.9636487841651427,1.9779383984877357,2.93535266365237,GO_TO_GOAL,2
1774682303.9991288,1.9567849543682698,1.9793123963986168,2.9528958018935447,GO_TO_GOAL,2
1774682304.2538302,1.9521719162083846,1.9801664502777483,2.9637707869681686,GO_TO_GOAL,2
1774682304.5183084,1.9475474570064557,1.980975252031543,2.973362628094566,GO_TO_GOAL,2
1774682304.7728593,1.9429939140552948,1.9817286441145614,2.9821424272123394,GO_TO_GOAL,2
1774682305.0362408,1.9376415226679984,1.9825651793395755,2.9912462768639414,GO_TO_GOAL,2
1774682305.2950485,1.931586229152362,1.9834506079378338,3.001270508069268,GO_TO_GOAL,2
1774682305.5529566,1.9258581297353625,1.9842380424981079,3.009011658414028,GO_TO_GOAL,2
1774682305.8133614,1.9103843531026123,1.986142369397733,3.029197304041515,GO_TO_GOAL,2
1774682306.0752206,1.9046241945825138,1.9867733343438334,3.0360427116581916,GO_TO_GOAL,2
1774682306.3256924,1.8936031140842375,1.9878727969825598,3.0480727973450015,GO_TO_GOAL,2
1774682306.5863624,1.8910724085006545,1.988107839956614,3.05042965746032,GO_TO_GOAL,2
1774682306.8481452,1.883723188019409,1.9887540563307506,3.0574505111899053,GO_TO_GOAL,2
1774682307.1160812,1.8668891596738308,1.9900652387465898,3.0699877670419684,GO_TO_GOAL,2
1774682307.3710434,1.8590070811817334,1.9906148477962904,3.0749384714202015,GO_TO_GOAL,2
1774682307.6387124,1.8439020155113768,1.9915517723381766,3.084456245391164,GO_TO_GOAL,2
1774682307.89377,1.8392592176486409,1.9918102983700134,3.0871027309660835,GO_TO_GOAL,2
1774682308.1528103,1.830431106808143,1.992271086367483,3.0919436137240868,GO_TO_GOAL,2
1774682308.40588,1.8153740583032913,1.9929808220329133,3.0980730382242707,GO_TO_GOAL,2
1774682308.6644232,1.8097117608059647,1.993219663941827,3.10029580836891,GO_TO_GOAL,2
1774682308.9358366,1.7960300546295538,1.993749505182503,3.105500688414677,GO_TO_GOAL,2
1774682309.2096345,1.7931410566911534,1.9938540162180927,3.105941842251624,GO_TO_GOAL,2
1774682309.4768364,1.7823716471953266,1.9942266149099392,3.108844793856464,GO_TO_GOAL,2
1774682309.7462337,1.7813882459207537,1.9942585461150277,3.1086190978642185,GO_TO_GOAL,2
1774682310.0134716,1.772229436761471,1.9945548763497571,3.1104988046083135,GO_TO_GOAL,2
1774682310.274464,1.7673133055850931,1.9947118106041368,3.1101535005845906,GO_TO_GOAL,2
1774682310.5327368,1.7443351969195497,1.9953721346556534,3.115421373363304,GO_TO_GOAL,2
1774682310.794586,1.7340356555774203,1.9956275461332875,3.117549236867466,GO_TO_GOAL,2
1774682311.0515945,1.72324295725177,1.9958819275892001,3.1192928153385906,GO_TO_GOAL,2
1774682311.3063214,1.7049830966181698,1.996269601154729,3.1222273547762067,GO_TO_GOAL,2
1774682311.573235,1.6986826861396143,1.9963861677303272,3.1232441823729267,GO_TO_GOAL,2
1774682311.8258975,1.684857648214478,1.9966214549323975,3.125848147564781,GO_TO_GOAL,2
1774682312.0907977,1.681426369872544,1.9966764953177192,3.1260208635791424,GO_TO_GOAL,2
1774682312.3447106,1.6724479253462767,1.9968084506474506,3.127705215545825,GO_TO_GOAL,2
1774682312.610785,1.672447925346259,1.9968084506474506,3.12770521554448,GO_TO_GOAL,2
1774682312.8713112,1.664581401422121,1.9969188755359146,3.1274845366434643,GO_TO_GOAL,2
1774682313.1381142,1.6555698687635099,1.9970474934288893,3.127694540994749,GO_TO_GOAL,2
1774682313.3935857,1.647593935610477,1.9971556812650035,3.1278984848662055,GO_TO_GOAL,2
1774682313.6640952,1.6333083634871188,1.9973548687141998,3.128125451914085,GO_TO_GOAL,2
1774682313.9391887,1.6318492231003927,1.9973752239163625,3.127209544024742,GO_TO_GOAL,2
1774682314.217505,1.6059486179960718,1.997724250697312,3.129068393083313,GO_TO_GOAL,2
1774682314.4999473,1.5921521022315117,1.9978851733437806,3.130689671815117,GO_TO_GOAL,2
1774682314.7669961,1.5907076787373866,1.997900381256974,3.1309543888814164,GO_TO_GOAL,2
1774682315.03847,1.5825140338906083,1.9979894798032523,3.131252986043964,GO_TO_GOAL,2
1774682315.3225563,1.5723110104745084,1.9980963331236405,3.1315140531199623,GO_TO_GOAL,2
1774682315.594139,1.5522865171940687,1.9982740989938326,3.1337458402948086,GO_TO_GOAL,2
1774682315.863717,1.5496369506598817,1.998293787633457,3.1339167686261056,GO_TO_GOAL,2
1774682316.120806,1.5433930232152826,1.9983438928023134,3.133354636839559,GO_TO_GOAL,2
1774682316.385963,1.5331259333829335,1.9984309929680264,3.13338729464389,GO_TO_GOAL,2
1774682316.6430435,1.513903247411414,1.9985686331141912,3.135269415182307,GO_TO_GOAL,2
1774682316.9011726,1.5109403686774552,1.9985861751085263,3.1353720274630485,GO_TO_GOAL,2
1774682317.1590815,1.5014600691986224,1.9986481920334858,3.134762250236626,GO_TO_GOAL,2
1774682317.422519,1.4959031809171852,1.9986883789076986,3.1344711478903764,GO_TO_GOAL,2
1774682317.6817946,1.4825013699236707,1.998780399252041,3.134535405187781,GO_TO_GOAL,2
1774682317.944799,1.4739555953582946,1.9988440093207576,3.134281571317439,GO_TO_GOAL,2
1774682318.2113378,1.4677152510947091,1.9988893676457364,3.1342222048298622,GO_TO_GOAL,2
1774682318.468254,1.4591443606611774,1.9989557384403627,3.134241495370208,GO_TO_GOAL,2
1774682318.7231972,1.4424458405010658,1.9990712655122274,3.134772769139605,GO_TO_GOAL,2
1774682318.9804277,1.4365512812794732,1.9991139219853895,3.134704711571849,GO_TO_GOAL,2
1774682319.235949,1.4247103367459613,1.9991990377635753,3.13477395924718,GO_TO_GOAL,2
1774682319.4912066,1.4163033947908086,1.9992603924925139,3.1343808179285353,GO_TO_GOAL,2
1774682319.7549622,1.3937081716825905,1.9994082247346878,3.135397787281931,GO_TO_GOAL,2
1774682320.019328,1.3890354002965966,1.999439267905048,3.1350239421752693,GO_TO_GOAL,2
1774682320.2775977,1.372152073856431,1.9995485851724073,3.1351242675525177,GO_TO_GOAL,2
1774682320.537666,1.3641870363217177,1.9995962933407427,3.135759255633299,GO_TO_GOAL,2
1774682320.7990339,1.3570269105896848,1.9996370845945395,3.136293118315302,GO_TO_GOAL,2
1774682321.055484,1.3457665634414666,1.9996906758354303,3.13702519768711,GO_TO_GOAL,2
1774682321.3259811,1.3255185902031539,1.999785389337714,3.136715517142869,GO_TO_GOAL,2
1774682321.5887442,1.3210513773030998,1.999805418843666,3.1367368899257246,GO_TO_GOAL,2
1774682321.844907,1.308886108501505,1.9998690877368581,3.1360926200394945,GO_TO_GOAL,2
1774682322.1067944,1.3059098923411172,1.9998844165534964,3.1361253794761903,GO_TO_GOAL,2
1774682322.3763282,1.294933542502733,1.9999493127070915,3.136062246465064,GO_TO_GOAL,2
1774682322.652404,1.28456514193806,2.0000018557433767,3.1366767399072617,GO_TO_GOAL,2
1774682322.9263165,1.2729264723322655,2.0000598864300803,3.136648868574784,GO_TO_GOAL,2
1774682323.1994972,1.2635001591436965,2.000110756336547,3.1363421118191,GO_TO_GOAL,2
1774682323.468394,1.260230097676748,2.000127452543406,3.1369766188363672,GO_TO_GOAL,2
1774682323.7529795,1.253441230415977,2.000155939024188,3.137515237949058,GO_TO_GOAL,2
1774682324.020363,1.243586390895553,2.000203231401835,3.13664922324129,GO_TO_GOAL,2
1774682324.276721,1.2275500633040182,2.000288643114695,3.1360503906680655,GO_TO_GOAL,2
1774682324.530419,1.2249247018591074,2.000304660551507,3.1357924121130742,GO_TO_GOAL,2
1774682324.7920554,1.2217410056839801,2.0003249221004955,3.1352483186717293,GO_TO_GOAL,2
1774682325.0562158,1.2072205714749307,2.0004120132262306,3.1357444029145394,GO_TO_GOAL,2
1774682325.3280208,1.2042934369737726,2.000429107563542,3.1354776234292774,GO_TO_GOAL,2
1774682325.6035063,1.1804534711569856,2.0005619100769456,3.136398231280697,GO_TO_GOAL,2
1774682325.8769453,1.164127556095793,2.0006367936762612,3.137603192236646,GO_TO_GOAL,2
1774682326.1515903,1.1603205480577228,2.0006540420373806,3.1374107166688563,GO_TO_GOAL,2
1774682326.422497,1.150235016571248,2.000691236718382,3.138386558544933,GO_TO_GOAL,2
1774682326.699164,1.13639187342624,2.0007391941902863,3.138404177083886,GO_TO_GOAL,2
1774682326.9709527,1.1316478960064655,2.0007544124357266,3.1383149493822233,GO_TO_GOAL,2
1774682327.2335503,1.1257226281103672,2.0007770410290413,3.137386914149633,GO_TO_GOAL,2
1774682327.5014846,1.1156441720226735,2.0008242523116864,3.137270524638381,GO_TO_GOAL,2
1774682327.7707267,1.1010455263183532,2.0008803854818127,3.1381734355430217,GO_TO_GOAL,2
1774682328.0889702,1.0990128623765323,2.000888469370212,3.137860890237151,GO_TO_GOAL,2
1774682328.338996,1.091858662306167,2.0009189118190402,3.1373232201901913,GO_TO_GOAL,2
1774682328.605971,1.0761145652888988,2.0009921216588387,3.136708346753293,GO_TO_GOAL,2
1774682328.8643181,1.074385989616497,2.001001493724732,3.1363779298283627,GO_TO_GOAL,2
1774682329.1228628,1.0669791038014134,2.001043842200928,3.136191771174127,GO_TO_GOAL,2
1774682329.3860316,1.0619650664621927,2.001073526717196,3.136015168263451,GO_TO_GOAL,2
1774682329.6426523,1.047699961122955,2.001145241767916,3.137075003951178,GO_TO_GOAL,2
1774682329.8980865,1.0468544770259955,2.001149600137631,3.1364734290659153,GO_TO_GOAL,2
1774682330.1572216,1.037959136438292,2.0011907261533715,3.1374228807779843,GO_TO_GOAL,2
1774682330.4138315,1.020558025751218,2.0012587989526005,3.13798762143514,GO_TO_GOAL,2
1774682330.6670103,1.0127978782138731,2.0012852823663194,3.1383417070482884,GO_TO_GOAL,2
1774682330.9262164,0.9997456905493857,2.0013208784349277,3.1393333199053806,GO_TO_GOAL,2
1774682331.188056,0.997985274779074,2.0013242355200314,3.139511698530615,GO_TO_GOAL,2
1774682331.4448564,0.9870017734859436,2.0013414521839734,3.140468090699151,GO_TO_GOAL,2
1774682331.706732,0.9671068087143223,2.001368957608861,3.140766932813816,GO_TO_GOAL,2
1774682331.9650764,0.9590561376850935,2.001371921603981,3.140851129876841,GO_TO_GOAL,2
1774682332.2250855,0.9420625993035716,2.0013735231250185,-3.141235972896525,GO_TO_GOAL,2
1774682332.4833016,0.9374191586492907,2.0013725172681656,-3.141332593217297,GO_TO_GOAL,2
1774682332.7417257,0.9246162273114658,2.00137479036679,-3.1414175475132806,GO_TO_GOAL,2
1774682333.0100887,0.9237601205050939,2.0013743680609255,-3.1411556098074476,GO_TO_GOAL,2
1774682333.2635458,0.9130230271943147,2.001365119551236,-3.1404101383260477,GO_TO_GOAL,2
1774682333.5248141,0.8960172246326437,2.0013416914056434,-3.1399747485675293,GO_TO_GOAL,2
1774682333.7843955,0.8912153651635277,2.0013321251308227,-3.140080537068175,GO_TO_GOAL,2
1774682334.048613,0.8780669254011461,2.001306735842644,-3.1393521793338044,GO_TO_GOAL,2
1774682334.3141923,0.865267864911426,2.001284234731433,-3.13979876673124,GO_TO_GOAL,2
1774682334.5766218,0.8484303282865816,2.0012587711207197,-3.1401620128633096,GO_TO_GOAL,2
1774682334.8328133,0.8388897814564582,2.0012416429844615,-3.1397960691672493,GO_TO_GOAL,2
1774682335.1004589,0.8262493516112608,2.0012166106494442,-3.1396742893288705,GO_TO_GOAL,2
1774682335.3669527,0.8143890490101521,2.00119754548334,-3.1398597096216365,GO_TO_GOAL,2
1774682335.6206095,0.797778151220142,2.0011818636617713,-3.1404395336331445,GO_TO_GOAL,2
1774682335.874211,0.790266818822954,2.001170488690823,-3.140583579600869,GO_TO_GOAL,2
1774682336.1546772,0.7789295608304584,2.001155043877041,-3.1402371731004353,GO_TO_GOAL,2
1774682336.4276693,0.7732568319403502,2.001147637183582,-3.140366459829159,GO_TO_GOAL,2
1774682336.7056143,0.7657596545335977,2.001135786409004,-3.139935278794357,GO_TO_GOAL,2
1774682336.984939,0.7517379349086661,2.0011082850024846,-3.1396516334072784,GO_TO_GOAL,2
1774682337.2636695,0.7422426414598233,2.0010971741817913,-3.140753905532711,GO_TO_GOAL,2
1774682337.5315168,0.7299764081183917,2.001082913778892,-3.1402028542333786,GO_TO_GOAL,2
1774682337.8068738,0.7159382024655021,2.0010607584879185,-3.1398285381627202,GO_TO_GOAL,2
1774682338.0820553,0.7153836607642236,2.00105962818053,-3.1395472278851164,GO_TO_GOAL,2
1774682338.3490043,0.7102750255326399,2.0010474710165864,-3.1397100490773875,GO_TO_GOAL,2
1774682338.6284223,0.7019547062538686,2.001030566340642,-3.13944863399682,GO_TO_GOAL,2
1774682338.906529,0.6906371953892039,2.0010123201806023,-3.139982500381975,GO_TO_GOAL,2
1774682339.1690834,0.6882023662480978,2.0010083934378877,-3.1397184118898602,GO_TO_GOAL,2
1774682339.4216368,0.6812961912215032,2.000993193081359,-3.139890243824424,GO_TO_GOAL,2
1774682339.6947122,0.6702169278135544,2.000980455201156,-3.140439215174367,GO_TO_GOAL,2
1774682339.9654536,0.6537001272213654,2.000971013498316,-3.1413965374112562,GO_TO_GOAL,2
1774682340.2396605,0.6531725431218262,2.0009711426422028,3.1413110717401955,GO_TO_GOAL,2
1774682340.4981964,0.6450972520113477,2.000970828360959,-3.1413052371223165,GO_TO_GOAL,2
1774682340.7506309,0.6326075407886985,2.0009666510429196,-3.1413793269175168,GO_TO_GOAL,2
1774682341.0080745,0.6244750763117455,2.000963173920952,-3.1411552012798643,GO_TO_GOAL,2
1774682341.2658842,0.619736812809857,2.0009594929709897,-3.140788805942605,GO_TO_GOAL,2
1774682341.536396,0.6031785606683303,2.000950245577783,-3.140746004749844,GO_TO_GOAL,2
1774682341.7954679,0.6001672451183978,2.0009508579970423,-3.1415489195608677,GO_TO_GOAL,2
1774682342.0549974,0.5894410807581075,2.0009563196962126,3.141402350330192,GO_TO_GOAL,2
1774682342.3281922,0.5891923374504913,2.0009563265440735,-3.1414574099920083,GO_TO_GOAL,2
1774682342.5975406,0.5823228315999799,2.0009531542174757,-3.140886705094492,GO_TO_GOAL,2
1774682342.8652942,0.5767198251865489,2.000952489241593,-3.1414755385556203,GO_TO_GOAL,2
1774682343.1355298,0.5646941624814242,2.000948774495484,-3.1412159279783767,GO_TO_GOAL,2
1774682343.3964875,0.5560313783955848,2.0009423692735977,-3.140511773536784,GO_TO_GOAL,2
1774682343.6648116,0.5414198364603195,2.0009346962815804,-3.140714419427005,GO_TO_GOAL,2
1774682343.9206717,0.5385362415863341,2.0009340250830285,-3.1414190989532793,GO_TO_GOAL,2
1774682344.1786764,0.5305199830527114,2.000931535969447,-3.141126036383473,GO_TO_GOAL,2
1774682344.4406672,0.5164773495170887,2.0009208520517707,-3.1405261106366362,GO_TO_GOAL,2
1774682344.7051303,0.5156129771590551,2.000919694113244,-3.140319571151932,GO_TO_GOAL,2
1774682344.971011,0.5056102700815344,2.000903459991691,-3.1387073519360795,GO_TO_GOAL,2
1774682345.239897,0.5015146363593075,2.000894111054867,-3.1393114507423308,GO_TO_GOAL,2
1774682345.4940102,0.48563067932151516,2.0008578297397857,-3.1392322230741305,GO_TO_GOAL,2
1774682345.7512414,0.4761363533599942,2.0008412547920638,-3.1398354422764756,GO_TO_GOAL,2
1774682346.0113344,0.47155605574774634,2.000833148977463,-3.139851679821523,GO_TO_GOAL,2
1774682346.2832203,0.46536122052921347,2.0008263650470015,-3.140531598091539,GO_TO_GOAL,2
1774682346.5501738,0.4512723460048513,2.0008175046121943,-3.1407310457050572,GO_TO_GOAL,2
1774682346.8210325,0.4473336545540985,2.0008129268668267,-3.1406565067310632,GO_TO_GOAL,2
1774682347.094046,0.4374502609461656,2.0008006568574803,-3.1400735842426295,GO_TO_GOAL,2
1774682347.3654642,0.42674274813797736,2.000782894349551,-3.140050727099511,GO_TO_GOAL,2
1774682347.6415644,0.413496704888074,2.0007596294557017,-3.139869713362736,GO_TO_GOAL,2
1774682347.9122028,0.40366375398510596,2.0007392234738,-3.139485180288003,GO_TO_GOAL,2
1774682348.1847472,0.38705007960357807,2.0006994258443886,-3.1391241103529515,GO_TO_GOAL,2
1774682348.442091,0.38320303411148926,2.000692203298662,-3.1394361467435443,GO_TO_GOAL,2
1774682348.7068894,0.3764817337614653,2.0006831237503504,-3.140005690348864,GO_TO_GOAL,2
1774682348.9762015,0.3697007227227637,2.0006719015553074,-3.1401480272033213,GO_TO_GOAL,2
1774682349.2425404,0.34812267894423304,2.0006311932442773,-3.139533450114585,GO_TO_GOAL,2
1774682349.5157673,0.3429780105305735,2.0006174538125885,-3.1393999487953623,GO_TO_GOAL,2
1774682349.7874653,0.33110450908808636,2.000595506193873,-3.139569827640181,GO_TO_GOAL,2
1774682350.0691528,0.3305493648875424,2.0005942330051467,-3.139292501357052,GO_TO_GOAL,2
1774682350.3635778,0.323215879918356,2.000587544115197,-3.140414136243785,GO_TO_GOAL,2
1774682350.6314797,0.31069624662794043,2.0005725705776394,-3.1402372356948787,GO_TO_GOAL,2
1774682350.909718,0.29576086420276443,2.0005473469659383,-3.139918497665353,GO_TO_GOAL,2
1774682351.1822512,0.2897306706800374,2.000535430887554,-3.1396758160011347,GO_TO_GOAL,2
1774682351.4622993,0.2816782600096287,2.0005177243676524,-3.139232538569911,GO_TO_GOAL,2
1774682351.7407873,0.27393094922810063,2.0005034949285214,-3.139474803798028,GO_TO_GOAL,2
1774682352.0181527,0.2607861977548358,2.0004824898088223,-3.1397086066998794,GO_TO_GOAL,2
1774682352.279761,0.2410124949002689,2.000437878025147,-3.139056368517447,GO_TO_GOAL,2
1774682352.5317342,0.23530198127194035,2.000421363359143,-3.1391988171630283,GO_TO_GOAL,2
1774682352.7885814,0.22756553167030755,2.000400126444807,-3.1388539453135893,GO_TO_GOAL,2
1774682353.0841737,0.21344903448343797,2.0003655748318296,-3.138926955906375,GO_TO_GOAL,2
1774682353.351447,0.19570010421369569,2.0003325564667107,-3.1399110409041286,GO_TO_GOAL,2
1774682353.6286259,0.1888482352733456,2.0003187923267327,-3.1394379286208336,GO_TO_GOAL,2
1774682353.902058,0.17238817485103172,2.000277702288205,-3.138869656556527,GO_TO_GOAL,2
1774682354.171946,0.16853911791992116,2.000269222849358,-3.139164596866711,GO_TO_GOAL,2
1774682354.4446743,0.1635639379297944,2.0002507478982103,-3.1383688028711285,GO_TO_GOAL,2
1774682354.7146702,0.1539947915683944,2.000224857034236,-3.1387473317224766,GO_TO_GOAL,2
1774682354.9808614,0.14177954640075316,2.000186752001809,-3.1385393180770054,GO_TO_GOAL,2
1774682355.2515945,0.13519059801506775,2.0001673094034462,-3.138645534826682,GO_TO_GOAL,2
1774682355.5275066,0.12714670324883612,2.000147912810501,-3.1389599035281064,GO_TO_GOAL,2
1774682355.802682,0.11497527282270935,2.0001170508238064,-3.1389872330559667,GO_TO_GOAL,2
1774682356.0789542,0.10455619394590371,2.000086516905885,-3.1387011387741994,GO_TO_GOAL,2
1774682356.3491647,0.09224143298315499,2.000048835876567,-3.138707776094333,GO_TO_GOAL,2
1774682356.6171412,0.08430281340376913,2.0000269133155095,-3.1390326231573082,GO_TO_GOAL,2
1774682356.8872118,0.0666488252394176,1.9999746580687205,-3.1384171079878316,GO_TO_GOAL,2
1774682357.1623483,0.06518177125738168,1.9999695198010974,-3.1382633913567632,FIX_YAW,2
1774682357.462737,0.05978736604166674,1.9999498258506918,-3.1384729601580323,GO_TO_GOAL,3
1774682357.7288845,0.04870191699478014,1.9999219003388495,-3.139460157216429,GO_TO_GOAL,3
1774682357.9959762,0.03383652424376489,1.999899500964239,-3.1401900685561204,GO_TO_GOAL,3
1774682358.2527525,0.0319218874024833,1.9998968426253936,-3.1406178549922066,GO_TO_GOAL,3
1774682358.5148714,0.03192188740244244,1.9998968426253936,-3.140617854993393,GO_TO_GOAL,3
1774682358.771142,0.03197194979543658,1.9998975804972718,-3.1148914955408022,GO_TO_GOAL,3
1774682359.0232444,0.03194323867363516,1.9998961827737065,-3.0701060114112417,GO_TO_GOAL,3
1774682359.2920172,0.03194323867272644,1.9998961827736386,-3.0602060114063176,GO_TO_GOAL,3
1774682359.5666416,0.031943238672770755,1.9998961827736417,-3.038606011421421,GO_TO_GOAL,3
1774682359.8456657,0.03194323867257866,1.9998961827736175,-2.981006011447156,GO_TO_GOAL,3
1774682360.1075354,0.031943238672702934,1.9998961827736375,-2.963006011440558,GO_TO_GOAL,3
1774682360.4258232,0.03194323867253801,1.9998961827736037,-2.909906011467407,GO_TO_GOAL,3
1774682360.7016718,0.03194323867268653,1.9998961827736408,-2.8964060114577306,GO_TO_GOAL,3
1774682360.973351,0.03194323867266381,1.9998961827736366,-2.869406011467915,GO_TO_GOAL,3
1774682361.2344918,0.031943238672575126,1.99989618277361,-2.8496060114783974,GO_TO_GOAL,3
1774682361.4972248,0.03194323867265118,1.9998961827736326,-2.836106011474908,GO_TO_GOAL,3
1774682361.7486904,0.031943238672533035,1.9998961827735942,-2.81270601149014,GO_TO_GOAL,3
1774682362.0065498,0.03194323867260766,1.9998961827736252,-2.7875060114899144,GO_TO_GOAL,3
1774682362.264449,0.03194323867251965,1.9998961827735913,-2.7695060115018473,GO_TO_GOAL,3
1774682362.5163448,0.03194323867248655,1.999896182773579,-2.7218060115217435,GO_TO_GOAL,3
1774682362.7780213,0.03194323867254985,1.9998961827736061,-2.717306011511327,GO_TO_GOAL,3
1774682363.0430515,0.03194323867254985,1.9998961827736061,-2.717306011511327,GO_TO_GOAL,3
1774682363.305963,0.03194323867248972,1.9998961827735802,-2.683106011521823,GO_TO_GOAL,3
1774682363.5837688,0.03194323867247816,1.999896182773576,-2.6624060115284722,GO_TO_GOAL,3
1774682363.8558369,0.03194323867233436,1.9998961827734985,-2.6309060115487073,GO_TO_GOAL,3
1774682364.1270814,0.031943238672422866,1.999896182773551,-2.5958060115378467,GO_TO_GOAL,3
1774682364.3990173,0.03194323867232964,1.999896182773493,-2.5643060115576874,GO_TO_GOAL,3
1774682364.6725476,0.031943238672394784,1.9998961827735358,-2.5544060115427643,GO_TO_GOAL,3
1774682364.943533,0.0319432386723873,1.9998961827735309,-2.5427060115463336,GO_TO_GOAL,3
1774682365.2106912,0.03194323867237517,1.9998961827735233,-2.518406011546877,GO_TO_GOAL,3
1774682365.4642105,0.031943238672322474,1.9998961827734827,-2.4824060115699114,GO_TO_GOAL,3
1774682365.7168763,0.031943238672379616,1.9998961827735282,-2.4671060115568872,GO_TO_GOAL,3
1774682365.9796667,0.03194323867240145,1.9998961827735464,-2.448206011558793,GO_TO_GOAL,3
1774682366.2434897,0.03194323867239327,1.9998961827735398,-2.443706011559283,GO_TO_GOAL,3
1774682366.49698,0.031943238672373725,1.999896182773526,-2.3816060115823356,GO_TO_GOAL,3
1774682366.7557852,0.0319432386724345,1.9998961827735844,-2.3519060115730825,GO_TO_GOAL,3
1774682367.0130596,0.03194323867239253,1.9998961827735373,-2.2916060115976373,GO_TO_GOAL,3
1774682367.2781513,0.031943238672426495,1.999896182773576,-2.272706011584856,GO_TO_GOAL,3
1774682367.5267494,0.03194323867243899,1.9998961827735906,-2.2682060115772353,GO_TO_GOAL,3
1774682367.7767954,0.031943238672428,1.9998961827735795,-2.220506011582306,GO_TO_GOAL,3
1774682368.0368617,0.031943238672428,1.9998961827735795,-2.220506011582306,GO_TO_GOAL,3
1774682368.2904243,0.031943238672386964,1.9998961827735224,-2.1566060116074266,GO_TO_GOAL,3
1774682368.5428243,0.03194323867239146,1.9998961827735309,-2.122406011600909,GO_TO_GOAL,3
1774682368.7978928,0.0319432386723965,1.9998961827735386,-2.070206011621882,GO_TO_GOAL,3
1774682369.052582,0.03194323867243287,1.9998961827736055,-2.0531060116012947,GO_TO_GOAL,3
1774682369.3164067,0.03194323867243506,1.9998961827736101,-2.0072060116206036,GO_TO_GOAL,3
1774682369.5851955,0.03158337456990922,1.9991146096589756,-1.9974519491801184,GO_TO_GOAL,3
1774682369.8523552,0.030228387814268558,1.9959742501080158,-1.958898048909284,GO_TO_GOAL,3
1774682370.119516,0.02996509504135972,1.995323049568847,-1.9511975707384197,GO_TO_GOAL,3
1774682370.3901289,0.028859707986268853,1.9924221820309052,-1.9185764592593741,GO_TO_GOAL,3
1774682370.6553628,0.028265558613501565,1.9907439453330122,-1.903554779269016,GO_TO_GOAL,3
1774682370.9321063,0.02733283331246337,1.9879319117251395,-1.8785807267565255,GO_TO_GOAL,3
1774682371.1963012,0.025938760292099152,1.9832754464257847,-1.8468306849770932,GO_TO_GOAL,3
1774682371.4666324,0.025693593895724617,1.982400998538444,-1.841460086868012,GO_TO_GOAL,3
1774682371.7356453,0.023789096526651874,1.9749163697827614,-1.7995707619705896,GO_TO_GOAL,3
1774682372.0226748,0.022784679782009928,1.9704136653983173,-1.780874401450398,GO_TO_GOAL,3
1774682372.290993,0.021434768770209243,1.9636979028649435,-1.757310799707981,GO_TO_GOAL,3
1774682372.5505157,0.021002917554662066,1.961360098842357,-1.7499585649774623,GO_TO_GOAL,3
1774682372.8031409,0.02012654225992265,1.9563278941451427,-1.7362400173828874,GO_TO_GOAL,3
1774682373.0577102,0.018757404809569833,1.9476656468915348,-1.7186330790342488,GO_TO_GOAL,3
1774682373.317539,0.017502576833530036,1.9387682589667656,-1.7029106178633746,GO_TO_GOAL,3
1774682373.5869932,0.016845700205286123,1.9336622675860176,-1.6947854093360997,GO_TO_GOAL,3
1774682373.8582156,0.01585438421028435,1.9253057691223048,-1.6829599172109981,GO_TO_GOAL,3
1774682374.1197767,0.015614324011371522,1.9231500595606768,-1.6803350168008258,GO_TO_GOAL,3
1774682374.3819957,0.01500493623382625,1.9174666590391758,-1.6745368856809515,GO_TO_GOAL,3
1774682374.6457517,0.013600811328105847,1.9030787042529596,-1.66140397554775,GO_TO_GOAL,3
1774682374.899033,0.013113917718923533,1.897574449665789,-1.656561887983053,GO_TO_GOAL,3
1774682375.1510491,0.012338778299715141,1.8882149291785026,-1.650112334556362,GO_TO_GOAL,3
1774682375.4306638,0.01207002281742864,1.8847966331242052,-1.6480133941770143,GO_TO_GOAL,3
1774682375.7117538,0.011061184723849938,1.8708521909054858,-1.6383624750611974,GO_TO_GOAL,3
1774682375.9834654,0.010328268573405576,1.8595406694218504,-1.632487362880881,GO_TO_GOAL,3
1774682376.253171,0.010169103381211709,1.8569261930530394,-1.631169401495442,GO_TO_GOAL,3
1774682376.5116208,0.009672668698041814,1.848481853330226,-1.6281204277926848,GO_TO_GOAL,3
1774682376.7657864,0.008999824727984966,1.8361424749745279,-1.6223255866359423,GO_TO_GOAL,3
1774682377.0208566,0.00810089253778987,1.8173535722804919,-1.6145402644781413,GO_TO_GOAL,3
1774682377.273726,0.007971843882402494,1.8143510496355988,-1.6135335875321966,GO_TO_GOAL,3
1774682377.5457065,0.007561125875029027,1.8042557993515835,-1.6099456484538213,GO_TO_GOAL,3
1774682377.8160248,0.007341445199725018,1.7985741677699936,-1.6084778076682806,GO_TO_GOAL,3
1774682378.0857828,0.006707161892471145,1.7804317864785502,-1.6031109502604692,GO_TO_GOAL,3
1774682378.3588605,0.0063462461310699984,1.7687579591165348,-1.6003007303086365,GO_TO_GOAL,3
1774682378.6403117,0.006010215465042466,1.7567487179387549,-1.597226653984376,GO_TO_GOAL,3
1774682378.9145827,0.005749374009589006,1.746306667631173,-1.5943833518480346,GO_TO_GOAL,3
1774682379.186069,0.005409488376061737,1.7308285909788548,-1.5911790496256948,GO_TO_GOAL,3
1774682379.4571648,0.005336068863128817,1.727069378004432,-1.5903925474259324,GO_TO_GOAL,3
1774682379.7175956,0.005163894877252807,1.7177755014937988,-1.587459420348435,GO_TO_GOAL,3
1774682379.9820743,0.004984404747628769,1.7068281112133552,-1.5868439906911582,GO_TO_GOAL,3
1774682380.276869,0.004793127636230408,1.69472744564895,-1.585844277925184,GO_TO_GOAL,3
1774682380.5557063,0.0046367959302367956,1.6837063325160115,-1.5840264148629304,GO_TO_GOAL,3
1774682380.8557606,0.004532544530993008,1.6759022153979097,-1.5837641047291244,GO_TO_GOAL,3
1774682381.1273384,0.00427883752281505,1.6553939298599294,-1.5821036316913186,GO_TO_GOAL,3
1774682381.396496,0.0042449204421514015,1.6524001807418764,-1.5823435736173517,GO_TO_GOAL,3
1774682381.6690488,0.004180053053755861,1.6465097321843056,-1.582034069058914,GO_TO_GOAL,3
1774682381.9347541,0.004085279711704943,1.6380692117455977,-1.5816034392965512,GO_TO_GOAL,3
1774682382.2013826,0.003984647864995092,1.628969366202133,-1.5813274714768442,GO_TO_GOAL,3
1774682382.473985,0.0038304866695375935,1.6146328453207677,-1.5809820632680924,GO_TO_GOAL,3
1774682382.7485573,0.0038015420047462847,1.6116787371593109,-1.5808536528993684,GO_TO_GOAL,3
1774682383.0159311,0.0037301639918360585,1.604652237665805,-1.5810758010643484,GO_TO_GOAL,3
1774682383.2825382,0.003638595463855527,1.5952341552556395,-1.5802762123189682,GO_TO_GOAL,3
1774682383.5475433,0.0035887618798889913,1.589930556170577,-1.5801586067705322,GO_TO_GOAL,3
1774682383.8361897,0.003532029756709187,1.5837929040421088,-1.5797789315781303,GO_TO_GOAL,3
1774682384.1049294,0.003442337801423079,1.5731486752624289,-1.5787250930273202,GO_TO_GOAL,3
1774682384.3720055,0.0033985278382557423,1.567896483614833,-1.5790218726356933,GO_TO_GOAL,3
1774682384.6276183,0.003269052429979702,1.5516048615435325,-1.5784576942322852,GO_TO_GOAL,3
1774682384.8841114,0.003193349267547209,1.5412824877885902,-1.5777299300295207,GO_TO_GOAL,3
1774682385.1471567,0.003103894900329529,1.5289021401982792,-1.5777729276474632,GO_TO_GOAL,3
1774682385.409409,0.0030841909730118973,1.5261813832913405,-1.578351153948991,GO_TO_GOAL,3
1774682385.679804,0.003023190439082316,1.5186150545827362,-1.578545551913266,GO_TO_GOAL,3
1774682385.9490893,0.002899047594494691,1.5020412154378444,-1.577831932773301,GO_TO_GOAL,3
1774682386.2242777,0.0028811505612769826,1.4993688812329211,-1.5777579827578065,GO_TO_GOAL,3
1774682386.4941854,0.0028080471381023756,1.488751773593034,-1.5778841373839159,GO_TO_GOAL,3
1774682386.7613816,0.002808047138098749,1.4887517735925224,-1.5778841373891597,GO_TO_GOAL,3
1774682387.0366223,0.0027664034133680513,1.4825077472058659,-1.577204090664069,GO_TO_GOAL,3
1774682387.3130498,0.0026939348675372324,1.4718393524851217,-1.5771842891097385,GO_TO_GOAL,3
1774682387.5835373,0.002608162073061738,1.4591277617386276,-1.5773548545712197,GO_TO_GOAL,3
1774682387.8521466,0.0025678287463591536,1.452595424319107,-1.576566716374981,GO_TO_GOAL,3
1774682388.1265914,0.0025108740249560994,1.4426543146539503,-1.5763801627902374,GO_TO_GOAL,3
1774682388.389522,0.0024346491715893878,1.4298814759460754,-1.576978546347207,GO_TO_GOAL,3
1774682388.659198,0.0023568415640434627,1.4180538087299337,-1.5772170886339412,GO_TO_GOAL,3
1774682388.9367552,0.0023088133534789226,1.4103464569294935,-1.576571316277989,GO_TO_GOAL,3
1774682389.2077615,0.0022268391073995706,1.3951847892160198,-1.5757511754859665,GO_TO_GOAL,3
1774682389.4802396,0.002225699576115065,1.3949669100377833,-1.5763015906268771,GO_TO_GOAL,3
1774682389.7309718,0.00214565697780291,1.3797464566125575,-1.57560655241877,GO_TO_GOAL,3
1774682389.9876666,0.002110360952128483,1.3716965624125226,-1.575489211038751,GO_TO_GOAL,3
1774682390.2456262,0.00203936831830114,1.3577145017132022,-1.576155223386647,GO_TO_GOAL,3
1774682390.5101085,0.0020380756738430945,1.3574657372404215,-1.5758298532749293,GO_TO_GOAL,3
1774682390.7777927,0.0019972161020444597,1.3500319424206502,-1.576135103700939,GO_TO_GOAL,3
1774682391.054605,0.001912260464602531,1.3330644045209048,-1.5754046268040978,GO_TO_GOAL,3
1774682391.3279371,0.00189138904238997,1.3287168349104586,-1.5755850588553357,GO_TO_GOAL,3
1774682391.5972548,0.001837730540920046,1.3165288561365798,-1.5748531053851067,GO_TO_GOAL,3
1774682391.8674808,0.00181491385006897,1.3103160469360062,-1.5743961286922685,GO_TO_GOAL,3
1774682392.139125,0.001763467092107498,1.2941673405026421,-1.5738996800965745,GO_TO_GOAL,3
1774682392.4087548,0.0017292170112412147,1.2844551594150244,-1.5740167888852,GO_TO_GOAL,3
1774682392.663112,0.0016594239543942062,1.2688048658445001,-1.5748381085359078,GO_TO_GOAL,3
1774682392.92179,0.001647269151111215,1.2655187284192384,-1.5748431612121834,GO_TO_GOAL,3
1774682393.1740816,0.0016090588518437748,1.2550466158936446,-1.5748379531383214,GO_TO_GOAL,3
1774682393.4328065,0.0015551757161161074,1.2406975427255158,-1.574415853429092,GO_TO_GOAL,3
1774682393.6807575,0.0015543216626845756,1.2404778853307992,-1.5749529929795085,GO_TO_GOAL,3
1774682393.9437363,0.0015157169330754748,1.2321222818134265,-1.5753639667911663,GO_TO_GOAL,3
1774682394.2027035,0.0014666402158834484,1.2223464969641986,-1.5757417034779033,GO_TO_GOAL,3
1774682394.4726005,0.0014034546720395882,1.2094677382974968,-1.575585177401117,GO_TO_GOAL,3
1774682394.7450519,0.001368215324498934,1.2014523098669594,-1.5751303859694878,GO_TO_GOAL,3
1774682395.0297875,0.001324573971561829,1.190654177351986,-1.5748179009305552,GO_TO_GOAL,3
1774682395.3030539,0.0012993055579263253,1.1838813559251182,-1.5746109812495888,GO_TO_GOAL,3
1774682395.5748155,0.001273331682198327,1.1767154265581006,-1.5740422554595817,GO_TO_GOAL,3
1774682395.8245313,0.0012534180817355203,1.1715063506962082,-1.5743732219908793,GO_TO_GOAL,3
1774682396.0847938,0.0012059682847489236,1.159613179511224,-1.5744180329530773,GO_TO_GOAL,3
1774682396.3415978,0.0011500273329683628,1.142646856648688,-1.573758385363562,GO_TO_GOAL,3
1774682396.608495,0.001145383901050457,1.1408792472371498,-1.5735998959140651,GO_TO_GOAL,3
1774682396.8761833,0.0011245221679008841,1.1343462584094306,-1.5743004469839874,GO_TO_GOAL,3
1774682397.1431174,0.0010835469244174425,1.123967613622038,-1.5746715845037624,GO_TO_GOAL,3
1774682397.4181714,0.0010351181810176397,1.112594492596015,-1.57525287560592,GO_TO_GOAL,3
1774682397.6758344,0.0009840572186437613,1.1022062874339915,-1.5756560277749943,GO_TO_GOAL,3
1774682397.9351432,0.0009723055317909521,1.0997800970819434,-1.575373828239564,GO_TO_GOAL,3
1774682398.1904259,0.0009422674113334431,1.0925991125957148,-1.5754009641302433,GO_TO_GOAL,3
1774682398.4471934,0.0009350793823443129,1.0911832271471307,-1.5759017130056465,GO_TO_GOAL,3
1774682398.700194,0.0008277338738099878,1.0700283217961655,-1.5758535151052164,GO_TO_GOAL,3
1774682398.9642289,0.0007781948891585631,1.0595507884482323,-1.5754840001783146,GO_TO_GOAL,3
1774682399.2174315,0.0007095843742462046,1.0450077884586053,-1.5757601192315933,GO_TO_GOAL,3
1774682399.4746737,0.0006823353356246456,1.0399807041424727,-1.5759364338605166,GO_TO_GOAL,3
1774682399.738028,0.0006256241616055801,1.0278241314656786,-1.5753082036871087,GO_TO_GOAL,3
1774682400.0118177,0.0006069509746114309,1.02392216123812,-1.575529338601389,GO_TO_GOAL,3
1774682400.300278,0.0005565584711144658,1.0141014912825859,-1.5762876954760339,GO_TO_GOAL,3
1774682400.6073976,0.0004550856288433668,0.9965708283912592,-1.5761121556345339,GO_TO_GOAL,3
1774682400.876571,0.0004254373985339019,0.9906501228929494,-1.5754820086640293,GO_TO_GOAL,3
1774682401.1488504,0.00037389337370219563,0.9784533531642209,-1.5746393033067931,GO_TO_GOAL,3
1774682401.4113984,0.00033986665535923615,0.9704851885883385,-1.574974375787854,GO_TO_GOAL,3
1774682401.6956286,0.00028619125309528755,0.9571441813724416,-1.575329316034449,GO_TO_GOAL,3
1774682401.9900875,0.0002861912530955138,0.9571441813724914,-1.5753293160359518,GO_TO_GOAL,3
1774682402.2742813,0.00026013810510469034,0.9502922107469135,-1.5746553717502614,GO_TO_GOAL,3
1774682402.5442617,0.0002333158423868293,0.9396841450205177,-1.5730022354169229,GO_TO_GOAL,3
1774682402.8008132,0.00020507178647090994,0.9229857384752959,-1.57222822697613,GO_TO_GOAL,3
1774682403.0559504,0.0002017525367602132,0.9212474249547083,-1.572509028985167,GO_TO_GOAL,3
1774682403.3119557,0.00019403460341750647,0.9177158550486992,-1.57269960263545,GO_TO_GOAL,3
1774682403.5778577,0.00018365173404908178,0.9108256449346402,-1.5725437062030785,GO_TO_GOAL,3
1774682403.83679,0.00015282743868533363,0.8967871913299487,-1.5733841478341377,GO_TO_GOAL,3
1774682404.091917,0.00014739694041865606,0.8950472992296062,-1.5737365339099592,GO_TO_GOAL,3
1774682404.3521602,0.00011169813557984125,0.8846175465924773,-1.5739169717935624,GO_TO_GOAL,3
1774682404.611815,9.607113069651922e-05,0.8796500654522533,-1.5740351902602123,GO_TO_GOAL,3
1774682404.861846,3.040302398162664e-05,0.8580945332892095,-1.5734772496341813,GO_TO_GOAL,3
1774682405.119363,2.2125108508836267e-05,0.8545594946934972,-1.5731008447438457,GO_TO_GOAL,3
1774682405.380449,-5.719513861807328e-06,0.8410782440649233,-1.5726984608453347,GO_TO_GOAL,3
1774682405.631151,-1.906070969720374e-05,0.8354860336324629,-1.5731421836072503,GO_TO_GOAL,3
1774682405.9012713,-6.804110538161285e-05,0.8156513411022946,-1.5732873152411926,GO_TO_GOAL,3
1774682406.162206,-9.646848472855071e-05,0.8015703132879505,-1.5729160581667232,GO_TO_GOAL,3
1774682406.4251797,-0.0001331723952347978,0.7864337188195127,-1.5730731016209996,GO_TO_GOAL,3
1774682406.6858199,-0.00014791318803997127,0.7801434835378164,-1.5731353406064779,GO_TO_GOAL,3
1774682406.9367964,-0.00017630261713485185,0.7664430395949277,-1.5728186559954132,GO_TO_GOAL,3
1774682407.187599,-0.00018133779175441938,0.7640975251217104,-1.5730665361224652,GO_TO_GOAL,3
1774682407.4447103,-0.00020659703437735596,0.7539479256630087,-1.5729674121871084,GO_TO_GOAL,3
1774682407.710012,-0.00021277979751035543,0.7514465813968868,-1.5736425066085618,GO_TO_GOAL,3
1774682408.0011227,-0.000249321772778069,0.737360140124721,-1.5732637059281813,GO_TO_GOAL,3
1774682408.2670379,-0.0002863095092902387,0.7239643418674068,-1.57386017012453,GO_TO_GOAL,3
1774682408.5523863,-0.00030006519820780186,0.7188977788782718,-1.5731884212916976,GO_TO_GOAL,3
1774682408.8236036,-0.00033505810258454416,0.7066694389046494,-1.5740263544930684,GO_TO_GOAL,3
1774682409.0942414,-0.0003729312229919475,0.6932977464065174,-1.5735215859575014,GO_TO_GOAL,3
1774682409.371055,-0.00039114065282169373,0.6867294188157418,-1.5735444680947106,GO_TO_GOAL,3
1774682409.6425505,-0.00041410051465218717,0.6796151255477474,-1.5736812739106556,GO_TO_GOAL,3
1774682409.9052365,-0.00044701447977033715,0.669288419228681,-1.5737422443520301,GO_TO_GOAL,3
1774682410.184274,-0.0004614558997614406,0.6636728349453471,-1.5732981383016815,GO_TO_GOAL,3
1774682410.449221,-0.0004928235356247363,0.6496244290435519,-1.5727615028232875,GO_TO_GOAL,3
1774682410.7194364,-0.0005032536203807474,0.6430497552734693,-1.5727640831616272,GO_TO_GOAL,3
1774682410.9890897,-0.0005404628720827353,0.6315774279637909,-1.5736599523386525,GO_TO_GOAL,3
1774682411.2565572,-0.0005446221854301506,0.630555781248156,-1.5748580559861136,GO_TO_GOAL,3
1774682411.5334437,-0.0005634736917708927,0.6264215003437277,-1.5750558578830407,GO_TO_GOAL,3
1774682411.812374,-0.0005900731680871787,0.6208280256836496,-1.5755167385431086,GO_TO_GOAL,3
1774682412.0818262,-0.0007015111911856017,0.5978588447290414,-1.575546947641979,GO_TO_GOAL,3
1774682412.3445082,-0.0007249196150497602,0.59214623685019,-1.5752768085515754,GO_TO_GOAL,3
1774682412.603638,-0.0007621681648379774,0.5830539755752404,-1.5751604453743413,GO_TO_GOAL,3
1774682412.8608713,-0.0007952203722799457,0.5754379767445553,-1.575093989494669,GO_TO_GOAL,3
1774682413.114845,-0.0008923845589318051,0.5521053926512615,-1.5747331229528612,GO_TO_GOAL,3
1774682413.3644302,-0.000913278957023772,0.5458199675471803,-1.5743721451567338,GO_TO_GOAL,3
1774682413.6232817,-0.000918987444680811,0.5444116997437068,-1.5748679961703764,GO_TO_GOAL,3
1774682413.8952565,-0.0009638381361377279,0.5329086545321791,-1.575442090732726,GO_TO_GOAL,3
1774682414.1727583,-0.0010060277219141496,0.5227294961009631,-1.5747443711005438,GO_TO_GOAL,3
1774682414.4528742,-0.0010586643303115266,0.5104171744190803,-1.5748890151825148,GO_TO_GOAL,3
1774682414.7335472,-0.0011094008009682557,0.49600946257460493,-1.5736171635255198,GO_TO_GOAL,3
1774682415.0295238,-0.0011467953622957142,0.47939953219656006,-1.5725344934389198,GO_TO_GOAL,3
1774682415.3354206,-0.0011484305092795747,0.47824387736295093,-1.5722979173327805,GO_TO_GOAL,3
1774682415.6216557,-0.0011558721965036396,0.47145497424156674,-1.5716601867500948,GO_TO_GOAL,3
1774682415.880535,-0.0011700064958264976,0.4593573355155865,-1.5717434336545404,GO_TO_GOAL,3
1774682416.1599984,-0.0011756687544830096,0.44600696245370414,-1.5708737484655488,GO_TO_GOAL,3
1774682416.4220126,-0.0011715999275142362,0.4356317545161349,-1.5702706377950164,GO_TO_GOAL,3
1774682416.691034,-0.0011709206476434003,0.434322903924344,-1.5703192745073131,GO_TO_GOAL,3
1774682416.948423,-0.001158269841443994,0.4156736949589175,-1.5701371308650893,GO_TO_GOAL,3
1774682417.198599,-0.0011498238623018414,0.4058480744235956,-1.5693398225466249,GO_TO_GOAL,3
1774682417.4556534,-0.0011312851538276662,0.3932338706319003,-1.5697343262296577,GO_TO_GOAL,3
1774682417.7354078,-0.0011275115278051896,0.3905948527898293,-1.5693326585009977,GO_TO_GOAL,3
1774682418.007766,-0.0011049731330923663,0.3753153845261404,-1.5694856861050477,GO_TO_GOAL,3
1774682418.2893422,-0.0010909726132462684,0.36221067345500063,-1.5695518688708685,GO_TO_GOAL,3
1774682418.5602577,-0.001088942322218077,0.3595343284234951,-1.5699958223703598,GO_TO_GOAL,3
1774682418.8258069,-0.001094213208124322,0.34922641890729195,-1.5710200662367528,GO_TO_GOAL,3
1774682419.096486,-0.0011010489575138274,0.33942720369244717,-1.5714578853254906,GO_TO_GOAL,3
1774682419.372401,-0.0011045563933628595,0.3334524763088409,-1.5708775255903198,GO_TO_GOAL,3
1774682419.641168,-0.0011035878973814134,0.32985999753300066,-1.5709159000594226,GO_TO_GOAL,3
1774682419.9030006,-0.0011009602636047639,0.3206143267687116,-1.570196275838854,GO_TO_GOAL,3
1774682420.1614485,-0.0010995152765346829,0.3120394605386751,-1.5705477638748604,GO_TO_GOAL,3
1774682420.411561,-0.0010994468031963235,0.3039659510859162,-1.5711335474781698,GO_TO_GOAL,3
1774682420.6694038,-0.0011060563191299371,0.29535820590305034,-1.5712339682469052,GO_TO_GOAL,3
1774682420.922294,-0.0011060563191302982,0.2953582059022261,-1.571233968254309,GO_TO_GOAL,3
1774682421.1801736,-0.0011197350049665868,0.27871499673230876,-1.5718438007178548,GO_TO_GOAL,3
1774682421.4343948,-0.0011341628176970138,0.2689122144233856,-1.5719271074531465,GO_TO_GOAL,3
1774682421.6872954,-0.0011432962177936382,0.25556520356843254,-1.5713642833315766,GO_TO_GOAL,3
1774682421.9432013,-0.0011438577407179437,0.24151576911708533,-1.5709033620955506,GO_TO_GOAL,3
1774682422.2008224,-0.0011411814285919235,0.2320520568047604,-1.5704684990932885,GO_TO_GOAL,3
1774682422.4555762,-0.0011309242609947097,0.21855993114720132,-1.5696159332153323,GO_TO_GOAL,3
1774682422.7164865,-0.0011209274327988595,0.21006719207053764,-1.5696056103461664,GO_TO_GOAL,3
1774682422.9928255,-0.0011010959610115692,0.19753093138155786,-1.5690900578042288,GO_TO_GOAL,3
1774682423.2745492,-0.0010853235125211616,0.19014126532836367,-1.5685482406763398,GO_TO_GOAL,3
1774682423.5405924,-0.0010654478502788247,0.1815187756334727,-1.568323789486123,GO_TO_GOAL,3
1774682423.8198977,-0.0010232326246706635,0.17061115632112717,-1.5666999589261374,GO_TO_GOAL,3
1774682424.0889127,-0.00095776083937777,0.15636058316223148,-1.5660212446425783,GO_TO_GOAL,3
1774682424.3590102,-0.0009166744069124477,0.14737976124617266,-1.5661871509173695,GO_TO_GOAL,3
1774682424.637109,-0.0008909212376228408,0.14115948659728353,-1.5663365484551912,GO_TO_GOAL,3
1774682424.9205396,-0.0008572013205194811,0.13252422843981396,-1.5666471660517274,GO_TO_GOAL,3
1774682425.1899238,-0.0008246327417349171,0.12363275617336328,-1.5670892731257318,GO_TO_GOAL,3
1774682425.4645057,-0.0007738763070214213,0.11102017563957528,-1.5668336280680581,GO_TO_GOAL,3
1774682425.7305841,-0.0007353019188553197,0.10209447744653956,-1.5664269199954794,GO_TO_GOAL,3
1774682425.9995916,-0.000679587068080802,0.0889004495231584,-1.5662525818797064,GO_TO_GOAL,3
1774682426.2616906,-0.0006512027435454972,0.08180221641629976,-1.5667571483197102,GO_TO_GOAL,3
1774682426.5336401,-0.0006019702510415437,0.07040223652710564,-1.5664465287480531,GO_TO_GOAL,3
1774682426.8179512,-0.0005626164683653377,0.062093516942660625,-1.5659798245661642,FIX_YAW,3
